{"type":"FeatureCollection","features":[{"type":"Feature","id":7757,"properties":{"name":"Effingerstrasse","wikidata":null,"gender":"-","source":"wikidata","details":{"wikidata":"Q1296211","person":false,"gender":null,"labels":{"en":{"language":"en","value":"Effinger"},"de":{"language":"de","value":"Effinger"}},"descriptions":{"en":{"language":"en","value":"family"}},"nicknames":[],"birth":null,"death":null,"sitelinks":{"dewiki":{"site":"dewiki","title":"Effinger (Patrizierfamilie)","badges":[],"url":"https:\/\/de.wikipedia.org\/wiki\/Effinger_(Patrizierfamilie)"}},"image":null}},"geometry":{"type":"MultiLineString","coordinates":[[[7.4372099,46.9457897],[7.4371757,46.9457855],[7.4370999,46.9457781]],[[7.4370999,46.9457781],[7.4370502,46.9457756],[7.4370227,46.9457746]],[[7.4370227,46.9457746],[7.4370038,46.9457741],[7.4369771,46.9457736],[7.4369521,46.9457738],[7.4369444,46.9457738],[7.4368746,46.9457742],[7.4363723,46.9457912]],[[7.4363723,46.9457912],[7.4360947,46.9458005],[7.4359342,46.9458059],[7.4357547,46.9458116],[7.4356425,46.9458155]],[[7.4356425,46.9458155],[7.4355004,46.9458213],[7.4353707,46.9458274],[7.4352832,46.9458333],[7.4351994,46.9458404],[7.4349217,46.9458695]],[[7.4349217,46.9458695],[7.4348529,46.9459101],[7.4347951,46.9459167],[7.4347268,46.9459236],[7.4345184,46.9459414]],[[7.4345184,46.9459414],[7.4340866,46.9459562]],[[7.4340866,46.9459562],[7.4339771,46.94596],[7.433874,46.9459635],[7.4338301,46.9459625],[7.4337926,46.9459584],[7.4337557,46.945952],[7.4335915,46.945919]],[[7.4335915,46.945919],[7.4334754,46.9459203],[7.4333552,46.9459195],[7.4332217,46.9459192],[7.4331058,46.945919]],[[7.4331058,46.945919],[7.4329932,46.9459211],[7.432896,46.9459237],[7.4325941,46.9459336]],[[7.4325941,46.9459336],[7.4323815,46.9459401],[7.4320433,46.945951],[7.4320276,46.9459515],[7.4319518,46.9459539],[7.4318858,46.9459558],[7.4318059,46.9459569],[7.4317476,46.9459572],[7.4316769,46.9459569],[7.4316147,46.9459555],[7.4315287,46.9459524],[7.4314942,46.9459503],[7.4311215,46.945926]],[[7.4311215,46.945926],[7.4307085,46.9458968],[7.4296369,46.9458237],[7.4294454,46.9458111]],[[7.4294454,46.9458111],[7.4292894,46.945799],[7.4290126,46.9457792],[7.4284505,46.9457379],[7.4284158,46.9457358],[7.4279605,46.9457034]],[[7.4279605,46.9457034],[7.4273257,46.9456575],[7.4273128,46.9456566],[7.4271314,46.9456416]],[[7.4271314,46.9456416],[7.4268654,46.9456221],[7.4260059,46.9455593]],[[7.4260059,46.9455593],[7.4258369,46.9455469],[7.4242016,46.9454273]],[[7.4242016,46.9454273],[7.4237014,46.9453942],[7.4236448,46.9453901],[7.4235241,46.9453797],[7.423493,46.9453762],[7.4234663,46.9453728],[7.4234259,46.9453659],[7.4234074,46.9453627],[7.4233616,46.9453533],[7.4233185,46.9453418],[7.423262,46.9453261],[7.4232181,46.9453129],[7.4231653,46.9452971],[7.4231144,46.945278],[7.4230679,46.9452595],[7.4229856,46.9452223],[7.4229113,46.9451836],[7.4227626,46.9451054],[7.4224663,46.9449498]],[[7.4335915,46.945919],[7.4337179,46.9458942],[7.4338177,46.9458812],[7.4338693,46.9458745],[7.4339548,46.9458716],[7.4346825,46.945847],[7.4347642,46.9458442],[7.4347804,46.9458446],[7.4349217,46.9458695]]]}},{"type":"Feature","id":8715,"properties":{"name":"B\u00fcmplizstrasse","wikidata":null,"gender":null,"source":null,"details":null},"geometry":{"type":"MultiLineString","coordinates":[[[7.3926263,46.9463268],[7.3926057,46.9462837],[7.3924626,46.9459825],[7.3923631,46.9457745],[7.3923273,46.9457048],[7.3923159,46.9456824]],[[7.3926807,46.9464378],[7.3926263,46.9463268]],[[7.3929946,46.9467752],[7.392947,46.9467398],[7.3928958,46.9466973],[7.3928643,46.9466673],[7.3928339,46.9466378],[7.3928044,46.9466063],[7.392777,46.9465748],[7.3927376,46.9465252],[7.3927156,46.9464953],[7.3926807,46.9464378]],[[7.3934749,46.9470519],[7.393292,46.9469548],[7.3931879,46.9468974],[7.3931074,46.9468506],[7.3930433,46.9468084],[7.3929946,46.9467752]],[[7.3937991,46.9472316],[7.3936092,46.9471237],[7.3934749,46.9470519]],[[7.3939082,46.9472926],[7.3937991,46.9472316]],[[7.3941064,46.9474036],[7.3939082,46.9472926]],[[7.3945448,46.9476439],[7.3945134,46.9476274],[7.3944419,46.9475885],[7.3943822,46.9475551],[7.394253,46.947483],[7.3941064,46.9474036]],[[7.3922465,46.9455343],[7.3922433,46.9455094],[7.3922377,46.945478],[7.3922288,46.9454447],[7.3922221,46.9454255],[7.3921705,46.9453063],[7.3921153,46.9451865],[7.3919687,46.9448713],[7.3919182,46.9447711],[7.3918872,46.9447163],[7.3918686,46.9446892],[7.3917346,46.9445258],[7.3915839,46.9443436]],[[7.3915839,46.9443436],[7.3914775,46.9442104],[7.3914325,46.944151],[7.3913863,46.9440769],[7.3913328,46.9439862],[7.3912548,46.9438613],[7.3911882,46.9437615],[7.3910765,46.9435988],[7.391049,46.9435576],[7.3910314,46.9435314],[7.390937,46.9433931],[7.3909043,46.943344],[7.3908755,46.9432964],[7.3908517,46.9432483],[7.3908185,46.9431603],[7.3907878,46.9430722],[7.3907454,46.9429494],[7.390729,46.9428863],[7.3907196,46.9428237],[7.3907158,46.9427777],[7.3907152,46.9427273],[7.3907131,46.9426223],[7.3907196,46.9423777],[7.3907276,46.9421915]],[[7.3907276,46.9421915],[7.3907362,46.9420075],[7.390737,46.9419438],[7.390737,46.9419052],[7.3907359,46.941865]],[[7.3907359,46.941865],[7.390743,46.9418191],[7.3907258,46.9417378],[7.390689,46.9416382],[7.3905351,46.941219],[7.3905115,46.9411546],[7.3904244,46.9409158],[7.3903981,46.9408264]],[[7.3903981,46.9408264],[7.3903356,46.9404695],[7.390319,46.9403368],[7.3903168,46.9402888],[7.3903255,46.9402495],[7.3903441,46.9402007],[7.3903657,46.9401656],[7.3904026,46.9401254],[7.3904246,46.9401042],[7.3904412,46.9400882]],[[7.3904412,46.9400882],[7.3904659,46.9400684],[7.3904931,46.9400466],[7.3905195,46.9400377],[7.3907565,46.9399665],[7.3912011,46.9398328],[7.3913177,46.9397925],[7.3915897,46.9396893]],[[7.3915897,46.9396893],[7.391711,46.939643],[7.3921165,46.939479],[7.3921947,46.9394466]],[[7.3921947,46.9394466],[7.392277,46.9394126]],[[7.392277,46.9394126],[7.3923003,46.9394028],[7.3934031,46.9388847],[7.3937326,46.9387291],[7.393772,46.9387112],[7.3938118,46.9386932]],[[7.3939284,46.9386361],[7.3939638,46.9386199],[7.3940013,46.9386027],[7.394164,46.9385282],[7.3944111,46.938415],[7.3946089,46.9383244],[7.3948685,46.9382027],[7.3949222,46.9381775],[7.394987,46.9381472],[7.3952129,46.9380413],[7.3952987,46.9379989]],[[7.3952987,46.9379989],[7.3956097,46.9378543],[7.3956856,46.9378195],[7.3957117,46.9378075]],[[7.3985544,46.9492117],[7.3984752,46.9491888],[7.3983896,46.9491617],[7.3983054,46.9491329],[7.3981826,46.9490877],[7.3979981,46.9490168]],[[7.3979981,46.9490168],[7.3977651,46.9489296],[7.3976031,46.9488735],[7.397345,46.9487843],[7.3970578,46.9486864],[7.3967774,46.9485907],[7.3964746,46.9484891],[7.3962747,46.9484256],[7.3961638,46.9483908],[7.3960652,46.9483603],[7.3959797,46.9483335],[7.3958461,46.9482879],[7.3957416,46.948249],[7.3956441,46.948209],[7.3955895,46.9481857],[7.3954907,46.9481428],[7.3953399,46.9480765],[7.3952195,46.9480179],[7.3950853,46.9479506],[7.3949827,46.9478972],[7.394883,46.9478438],[7.3948519,46.9478243],[7.3947921,46.9477824],[7.3947679,46.9477648]]]}},{"type":"Feature","id":10508,"properties":{"name":"Murtenstrasse","wikidata":null,"gender":null,"source":null,"details":null},"geometry":{"type":"MultiLineString","coordinates":[[[7.3994854,46.951421],[7.3997334,46.951329]],[[7.4001071,46.9512271],[7.3997334,46.951329]],[[7.4006996,46.9510645],[7.4001071,46.9512271]],[[7.4009143,46.9510078],[7.4006996,46.9510645]],[[7.4016652,46.9507894],[7.4013314,46.9508971],[7.4009874,46.9509885],[7.4009143,46.9510078]],[[7.4060412,46.9496205],[7.4061193,46.9495824],[7.4062094,46.9495457],[7.406281,46.9495185],[7.4063587,46.949493],[7.4064015,46.9494802],[7.4064463,46.9494688]],[[7.4060412,46.9496205],[7.4059884,46.9496503],[7.4059382,46.9496807],[7.4058642,46.949726],[7.4057936,46.949772],[7.4057018,46.9498325],[7.4055858,46.9499062],[7.4054981,46.9499588],[7.4054073,46.9500098],[7.4053111,46.9500596],[7.4052145,46.9501048],[7.4051142,46.9501468],[7.4050092,46.9501859],[7.4049043,46.9502217],[7.404798,46.950254],[7.4046872,46.9502835],[7.4045733,46.9503102],[7.4044621,46.9503331],[7.4043491,46.9503532],[7.4042358,46.9503712],[7.4041216,46.9503878],[7.4040043,46.9504036],[7.403887,46.950419],[7.4034266,46.950476],[7.403194,46.9505055],[7.4029636,46.9505375],[7.4027359,46.9505709],[7.4026212,46.9505887],[7.4025074,46.9506075],[7.4023926,46.9506276],[7.4022787,46.9506487],[7.4021658,46.9506705],[7.4020566,46.9506934],[7.4019488,46.9507171],[7.4016652,46.9507894]],[[7.4064463,46.9494688],[7.406538,46.9494532],[7.4065945,46.9494458],[7.4066524,46.949441]],[[7.4066524,46.949441],[7.4068649,46.949432],[7.4071754,46.9494242]],[[7.4071754,46.9494242],[7.4073961,46.9494192],[7.4077791,46.9494106]],[[7.4077791,46.9494106],[7.4082036,46.9494078],[7.4084237,46.9494058],[7.4085993,46.9494052],[7.4087852,46.9494074],[7.4089443,46.9494145]],[[7.4089443,46.9494145],[7.4090829,46.9494251],[7.4091272,46.9494295],[7.4091741,46.9494361],[7.4092269,46.9494453]],[[7.4092269,46.9494453],[7.4092777,46.9494547],[7.4097435,46.9495344]],[[7.4097435,46.9495344],[7.409851,46.9495543],[7.4101781,46.9496125]],[[7.4101781,46.9496125],[7.4102588,46.9496283],[7.4106807,46.9497139],[7.4111141,46.9497995],[7.411163,46.9498096],[7.4113703,46.9498583],[7.4115117,46.9498878],[7.4116401,46.9499134],[7.4119835,46.9499824],[7.4122,46.9500258],[7.4133548,46.9502577],[7.4135666,46.9503001],[7.4138184,46.9503509],[7.4140609,46.9504014],[7.4142353,46.9504394],[7.4143177,46.95046],[7.4143947,46.950479]],[[7.4143947,46.950479],[7.4144729,46.9505007],[7.4145472,46.9505218],[7.4146848,46.9505664],[7.4147742,46.950598],[7.4148882,46.9506396],[7.4149864,46.9506766],[7.4150929,46.950719],[7.4151944,46.9507613],[7.415293,46.9508046],[7.4153913,46.9508495],[7.4154888,46.9508966],[7.4155839,46.9509441],[7.4156808,46.9509954],[7.415775,46.951048],[7.4158523,46.9510934],[7.4159656,46.9511656],[7.4162754,46.9513652]],[[7.4162754,46.9513652],[7.416398,46.9514388],[7.4165574,46.9515354],[7.4167231,46.9516258],[7.4168088,46.9516693],[7.4169033,46.9517148]],[[7.4169033,46.9517148],[7.4170134,46.9517665],[7.4171195,46.9518128],[7.4171778,46.9518357]],[[7.4171778,46.9518357],[7.4172824,46.9518748],[7.4173833,46.9519126],[7.4175027,46.9519529],[7.417628,46.9519927]],[[7.417628,46.9519927],[7.4178001,46.9520455],[7.4180392,46.952113],[7.4181471,46.9521414],[7.4182725,46.9521725]],[[7.4182725,46.9521725],[7.4184486,46.9522147],[7.4186286,46.952257]],[[7.4186286,46.952257],[7.4189791,46.9522989],[7.4192824,46.9523366],[7.4196516,46.9523828],[7.4197081,46.9523895]],[[7.4197081,46.9523895],[7.4198286,46.9524042],[7.4198894,46.9524131],[7.4199425,46.952425],[7.4199819,46.9524356]],[[7.4199819,46.9524356],[7.4200665,46.9524629],[7.4201456,46.9524888]],[[7.4204093,46.9522891],[7.4202939,46.9523736],[7.4202414,46.9524131],[7.4201456,46.9524888]],[[7.4205494,46.9521872],[7.4204093,46.9522891]],[[7.4209822,46.9519116],[7.4209006,46.9519546],[7.4208018,46.9520133],[7.4206881,46.9520874],[7.4205494,46.9521872]],[[7.4219858,46.9515611],[7.4218127,46.9516169],[7.4216403,46.9516721],[7.4214999,46.9517143],[7.4213696,46.9517574],[7.4212708,46.9517924],[7.4211805,46.9518284],[7.4210801,46.9518693],[7.4209822,46.9519116]],[[7.4221976,46.951497],[7.4221298,46.9515177],[7.4219858,46.9515611]],[[7.4223532,46.9514499],[7.4221976,46.951497]],[[7.4229851,46.9511198],[7.4227939,46.9512769],[7.4227316,46.9513079],[7.4225634,46.9513762],[7.4223532,46.9514499]],[[7.4221441,46.9513925],[7.4222293,46.9513709],[7.4223085,46.9513469],[7.4224721,46.9512916],[7.4225647,46.9512561],[7.4226581,46.9512187],[7.4227206,46.9511955],[7.4229851,46.9511198]],[[7.4218302,46.9514853],[7.4220382,46.951422],[7.4221441,46.9513925]],[[7.4215782,46.9515626],[7.4218302,46.9514853]],[[7.4213197,46.9516464],[7.4215782,46.9515626]],[[7.4209311,46.9517999],[7.421009,46.9517648],[7.4210964,46.9517293],[7.4213197,46.9516464]],[[7.4207181,46.9519221],[7.4207661,46.9518912],[7.4208181,46.9518602],[7.4208725,46.9518298],[7.4209311,46.9517999]],[[7.4199819,46.9524356],[7.4201331,46.9523365],[7.4203407,46.9521908]],[[7.4198686,46.9525136],[7.4199819,46.9524356]],[[7.4200599,46.9525572],[7.4198686,46.9525136]],[[7.4203407,46.9521908],[7.4204574,46.9521048],[7.420577,46.9520174],[7.4207181,46.9519221]],[[7.4201456,46.9524888],[7.4200599,46.9525572]],[[7.4198686,46.9525136],[7.419776,46.9524968],[7.4196893,46.9524788],[7.4196127,46.9524636]],[[7.4196127,46.9524636],[7.419514,46.9524494],[7.4194178,46.9524371],[7.4192397,46.9524139]],[[7.4192397,46.9524139],[7.4191041,46.9523966],[7.4190319,46.9523852],[7.4189647,46.9523727],[7.4186286,46.952257]]]}},{"type":"Feature","id":173729,"properties":{"name":"Freiburgstrasse","wikidata":null,"gender":null,"source":null,"details":null},"geometry":{"type":"MultiLineString","coordinates":[[[7.378001,46.925858],[7.3780422,46.9259208],[7.3780731,46.9259648],[7.3781193,46.9260221]],[[7.3781193,46.9260221],[7.3781785,46.9260887],[7.3782402,46.9261533],[7.3782963,46.9262048],[7.3783563,46.9262559],[7.3784383,46.9263228],[7.378522,46.9263884],[7.3788268,46.9266041],[7.3790335,46.9267423],[7.3791976,46.9268587],[7.379437,46.9270287],[7.3795776,46.9271306],[7.3797256,46.9272396],[7.3798712,46.9273496],[7.3801208,46.9275405],[7.3802493,46.927637],[7.3803831,46.9277334],[7.380541,46.9278391],[7.3806546,46.927911],[7.3807715,46.927981],[7.3810014,46.9281079],[7.3812764,46.9282452],[7.3815615,46.9283698],[7.3816274,46.9283993],[7.3816972,46.9284289],[7.3819138,46.9285223],[7.3819357,46.9285324],[7.3820334,46.9285739],[7.3822281,46.9286566],[7.3825279,46.9287858],[7.3826314,46.9288309],[7.3826766,46.9288513],[7.3827571,46.9288878],[7.3828799,46.9289477]],[[7.3828799,46.9289477],[7.3829052,46.928961],[7.3829743,46.9289973],[7.3830678,46.9290478],[7.3831754,46.9291077],[7.3831978,46.9291208],[7.383382,46.929229],[7.3834147,46.9292488],[7.3835811,46.9293482],[7.3836622,46.9293972],[7.3838727,46.9295311],[7.3840203,46.9296286],[7.3840775,46.9296674],[7.3841938,46.9297491],[7.3842807,46.9298094],[7.3843833,46.9298829],[7.3844307,46.9299173],[7.3846605,46.9300847],[7.3849175,46.9302717],[7.3849625,46.9303038],[7.3850616,46.9303742],[7.3851558,46.9304421],[7.3852449,46.9305056],[7.3853312,46.9305683],[7.3854174,46.9306331],[7.3854992,46.9306977]],[[7.3854992,46.9306977],[7.3855765,46.9307631],[7.3856519,46.9308297],[7.3858005,46.9309627],[7.3862382,46.9313526],[7.386526,46.9316137],[7.3865558,46.9316416]],[[7.3867673,46.9316909],[7.3868213,46.9317199],[7.3869457,46.93178],[7.3870897,46.9318583],[7.3872308,46.9319547]],[[7.3872308,46.9319547],[7.3873915,46.9320311],[7.3874826,46.9320718],[7.3875763,46.9321102],[7.3878959,46.9322351],[7.3883652,46.9324325]],[[7.3872308,46.9319547],[7.3870447,46.9318968],[7.3869441,46.9318549],[7.3868658,46.9318292],[7.3868175,46.9318174],[7.3867852,46.9318115],[7.3867557,46.9318081],[7.3866834,46.9318042]],[[7.3883652,46.9324325],[7.3887696,46.9326405],[7.3891081,46.9328173],[7.3895728,46.9330727],[7.389853,46.9332266],[7.3899929,46.9333034],[7.3901342,46.9333794],[7.3902975,46.933458],[7.3903772,46.9334986],[7.3904559,46.9335406]],[[7.3904559,46.9335406],[7.3905232,46.9335786],[7.3908236,46.9337462],[7.3911583,46.9339324],[7.3914368,46.9340901],[7.391692,46.9342335],[7.3918173,46.9343075],[7.3919392,46.9343839],[7.3920271,46.9344412],[7.3921143,46.9344998],[7.3923368,46.934654],[7.3924299,46.9347194],[7.3925209,46.9347861],[7.3926192,46.9348622]],[[7.3926192,46.9348622],[7.3927185,46.9349383],[7.3927804,46.9349835],[7.3930313,46.9351668],[7.3933471,46.9353945],[7.3935058,46.9355102],[7.393608,46.9355863],[7.3937194,46.9356714],[7.3938756,46.9357907],[7.3939616,46.9358582],[7.3941036,46.9359756],[7.3941773,46.9360366],[7.3943961,46.9362318],[7.3949744,46.9367482],[7.3950223,46.936791],[7.3952798,46.9370201],[7.3953658,46.9370938]],[[7.3953658,46.9370938],[7.3955129,46.93721]],[[7.3955129,46.93721],[7.3957444,46.9373758],[7.3958595,46.9374646]],[[7.3958595,46.9374646],[7.3959845,46.9375584],[7.3961213,46.9376613]],[[7.3961213,46.9376613],[7.3964308,46.937897],[7.3965012,46.9379498],[7.396573,46.9380026],[7.3966467,46.9380558],[7.3967227,46.9381086],[7.3967604,46.9381319]],[[7.3967604,46.9381319],[7.396922,46.9382379],[7.3972062,46.938417],[7.3975218,46.9386312],[7.3976948,46.9387486],[7.3978574,46.938859],[7.3979715,46.9389356],[7.3982601,46.9391243],[7.3985488,46.9393074],[7.3988411,46.9394903],[7.3990689,46.9396392],[7.3993014,46.9397874],[7.3993805,46.9398366],[7.3995425,46.9399366],[7.3997318,46.9400559],[7.3998618,46.9401372]],[[7.3998618,46.9401372],[7.4000624,46.9402513],[7.4002622,46.9403737]],[[7.4002622,46.9403737],[7.400689,46.9406358],[7.4009729,46.9408013],[7.4013511,46.9410216]],[[7.4013511,46.9410216],[7.4017784,46.9412743]],[[7.4017784,46.9412743],[7.4018989,46.9413473],[7.4020244,46.9414212]],[[7.4020244,46.9414212],[7.4021255,46.9414779],[7.402232,46.9415347],[7.4023932,46.941621]],[[7.4023932,46.941621],[7.402447,46.9416482]],[[7.402447,46.9416482],[7.4025332,46.9416919],[7.4027759,46.9418083],[7.4030598,46.9419401],[7.403293,46.9420466]],[[7.403293,46.9420466],[7.4035853,46.9421676],[7.4037207,46.942218],[7.4038479,46.9422651]],[[7.4038479,46.9422651],[7.4039438,46.9422964],[7.4040638,46.9423373],[7.4041601,46.9423701],[7.4042312,46.9423966],[7.4043916,46.9424598]],[[7.4043916,46.9424598],[7.4045401,46.9425166],[7.4046334,46.9425539],[7.4047249,46.9425899],[7.4053012,46.9428167]],[[7.4053012,46.9428167],[7.4055624,46.9429196]],[[7.4056747,46.9430129],[7.4055624,46.9429196]],[[7.4057653,46.9431014],[7.4057249,46.9430627],[7.4056999,46.9430366],[7.4056879,46.9430247],[7.4056747,46.9430129]],[[7.4073071,46.9434357],[7.4072239,46.9434457],[7.4070713,46.9434531],[7.4069687,46.9434549],[7.4069383,46.9434517],[7.4068941,46.9434448],[7.4068622,46.9434372],[7.406847,46.9434333],[7.4068242,46.9434272],[7.4065283,46.9433479],[7.4060791,46.9432294],[7.4060354,46.9432177],[7.4059599,46.9431958],[7.4058896,46.943172],[7.4058439,46.9431521],[7.4058072,46.9431313],[7.4057653,46.9431014]],[[7.4073071,46.9434357],[7.4072239,46.9434457],[7.4070713,46.9434531],[7.4069687,46.9434549],[7.4069383,46.9434517],[7.4068941,46.9434448],[7.4068622,46.9434372],[7.406847,46.9434333],[7.4068242,46.9434272],[7.4065283,46.9433479],[7.4060791,46.9432294],[7.4060354,46.9432177],[7.4059599,46.9431958],[7.4058896,46.943172],[7.4058439,46.9431521],[7.4058072,46.9431313],[7.4057653,46.9431014]],[[7.4057653,46.9431014],[7.4057249,46.9430627],[7.4056999,46.9430366],[7.4056879,46.9430247],[7.4056747,46.9430129]],[[7.4056747,46.9430129],[7.4055624,46.9429196]],[[7.4055624,46.9429196],[7.4056042,46.9429279],[7.4057404,46.9429505]],[[7.4057404,46.9429505],[7.4057889,46.9429666],[7.4058693,46.9429932]],[[7.4058693,46.9429932],[7.4059584,46.9430181],[7.4060552,46.9430417],[7.4061267,46.9430607],[7.4061671,46.9430724],[7.4068805,46.9432645],[7.4069119,46.9432741],[7.4069949,46.9433007],[7.4070305,46.943312],[7.4070629,46.9433227]],[[7.4070629,46.9433227],[7.4072916,46.9434293],[7.4073071,46.9434357]],[[7.4073071,46.9434357],[7.4073504,46.9434384]],[[7.4073504,46.9434384],[7.4075787,46.943463]],[[7.4075787,46.943463],[7.4076714,46.9434755],[7.4077851,46.9434946]],[[7.4077851,46.9434946],[7.4079047,46.9435154]],[[7.4079047,46.9435154],[7.4080873,46.9435484],[7.4087304,46.9436707]],[[7.4087304,46.9436707],[7.408793,46.9436826],[7.4089855,46.943718],[7.4090799,46.9437333],[7.4091709,46.9437468]],[[7.4097091,46.9439969],[7.409669,46.9439805],[7.4095068,46.9439112],[7.4094296,46.9438749],[7.4093502,46.9438323],[7.4092735,46.9437872],[7.4091709,46.9437468]],[[7.4145133,46.9460021],[7.4144691,46.9459829],[7.4144259,46.9459683],[7.4143876,46.9459561],[7.414294,46.9459253],[7.414028,46.9458187],[7.4133501,46.9455265],[7.4133166,46.9455121],[7.4131175,46.9454336],[7.4123046,46.9451133],[7.4120073,46.944979],[7.4116804,46.9448314],[7.4115584,46.9447793],[7.4109712,46.9445289],[7.4097091,46.9439969]],[[7.4148136,46.9460888],[7.4145822,46.9460401],[7.4145388,46.9460218],[7.4145133,46.9460021]],[[7.4154792,46.9461996],[7.4153839,46.946202],[7.4153349,46.9461979],[7.4152929,46.9461909],[7.4152172,46.9461736],[7.4148136,46.9460888]],[[7.4159953,46.9461919],[7.4158604,46.9461946],[7.4157187,46.9461944],[7.4156653,46.9461941],[7.4155701,46.9461954],[7.4154792,46.9461996]],[[7.4205475,46.9462382],[7.4204917,46.9462211],[7.4204453,46.9462006],[7.4203523,46.9461656],[7.4203046,46.9461499],[7.4202149,46.9461324],[7.4201508,46.9461205],[7.419952,46.9460929],[7.4198401,46.9460788],[7.4197842,46.9460733],[7.419728,46.9460685],[7.4196425,46.9460632],[7.4195089,46.9460579],[7.419379,46.9460556],[7.4193203,46.9460551],[7.419184,46.9460541],[7.4190638,46.9460551],[7.4187071,46.9460692],[7.4185267,46.9460773],[7.4183819,46.9460845],[7.4175712,46.946137],[7.417551,46.9461382],[7.4171321,46.9461489],[7.4170752,46.946151],[7.4168508,46.9461581],[7.4166309,46.9461666],[7.4162892,46.9461754],[7.4159953,46.9461919]],[[7.4207552,46.9462665],[7.4206798,46.9462631],[7.4206229,46.9462573],[7.4205825,46.9462472],[7.4205475,46.9462382]],[[7.421083,46.9462813],[7.4209143,46.9462737],[7.4207552,46.9462665]],[[7.4244788,46.9467086],[7.4243159,46.9466368]],[[7.4243159,46.9466368],[7.4242272,46.9465987],[7.4241271,46.9465644],[7.4229331,46.9462229],[7.4227862,46.946184],[7.422671,46.9461623],[7.4225859,46.9461484],[7.4224981,46.946143],[7.4224326,46.9461419],[7.4223457,46.9461424],[7.4222944,46.9461441],[7.4221976,46.9461496],[7.422119,46.9461583],[7.4220244,46.9461723],[7.4218682,46.9462003]],[[7.4218682,46.9462003],[7.4216046,46.9462434],[7.4214091,46.9462727],[7.4213406,46.9462816],[7.4212845,46.9462852],[7.4211408,46.946284],[7.421083,46.9462813]],[[7.4247044,46.9468082],[7.4246225,46.946772],[7.4244788,46.9467086]],[[7.4248852,46.9468879],[7.4247044,46.9468082]],[[7.4254681,46.9471391],[7.4254137,46.9471158],[7.4253684,46.9470965],[7.4248852,46.9468879]],[[7.4259735,46.9473587],[7.4258536,46.9473042],[7.4257086,46.9472429],[7.4255931,46.9471933],[7.4254987,46.9471524],[7.4254681,46.9471391]],[[7.4260771,46.9474021],[7.4259735,46.9473587]],[[7.4262616,46.9474677],[7.4261635,46.9474365],[7.4260771,46.9474021]],[[7.4276106,46.9478926],[7.4275668,46.9478756],[7.4274859,46.947848],[7.427449,46.9478366],[7.4271862,46.9477554],[7.4271233,46.947736],[7.4270412,46.9477107],[7.426527,46.9475523],[7.4264551,46.9475302],[7.4263845,46.9475074],[7.4263349,46.9474914],[7.4262616,46.9474677]],[[7.4278516,46.9482672],[7.4278272,46.9481863],[7.427817,46.9481495],[7.4277884,46.9480744],[7.427776,46.9480474],[7.4277523,46.9480071],[7.4277165,46.947964],[7.4276737,46.9479277],[7.4276261,46.9478998],[7.4276106,46.9478926]],[[7.4043916,46.9424598],[7.4044202,46.9424213],[7.4044334,46.9423988],[7.4044366,46.9423916],[7.4044392,46.9423858]],[[7.4044392,46.9423858],[7.4044861,46.9423683],[7.4045853,46.942343],[7.4046359,46.9423293],[7.4049463,46.9422451],[7.4051454,46.9421912],[7.405344,46.9421538],[7.4056938,46.9420759],[7.4057353,46.9420694],[7.4058433,46.9420611],[7.4059055,46.942056],[7.4061525,46.942036],[7.4061803,46.9420358],[7.4062106,46.9420386],[7.4062467,46.9420452],[7.4062856,46.9420561],[7.4063284,46.9420791],[7.4063572,46.9420995],[7.4063746,46.9421186],[7.4063858,46.9421351],[7.4063943,46.9421571],[7.4063983,46.9421745],[7.4064208,46.9423102]]]}},{"type":"Feature","id":173734,"properties":{"name":"Sulgeneckstrasse","wikidata":null,"gender":null,"source":null,"details":null},"geometry":{"type":"MultiLineString","coordinates":[[[7.4413238,46.9407752],[7.4413994,46.9407398],[7.4414852,46.9407121],[7.441523,46.9406947]],[[7.4415651,46.9407872],[7.4415092,46.9407833],[7.441413,46.9407877],[7.4413238,46.9407752]],[[7.4413238,46.9407752],[7.4412325,46.9407881],[7.4408921,46.9408368],[7.4408207,46.9408443],[7.4407383,46.9408483],[7.4406533,46.9408448],[7.4403801,46.9408194],[7.440281,46.9408102],[7.4401591,46.9407989],[7.4400919,46.9407927]],[[7.4400919,46.9407927],[7.4400192,46.9407853],[7.4397654,46.9407594],[7.439684,46.9407549],[7.4396134,46.9407551],[7.4395284,46.9407638],[7.4394201,46.9407926],[7.439402,46.9407974],[7.4393752,46.9408045],[7.439345,46.9408163],[7.4393081,46.9408308],[7.4392312,46.94087],[7.4390482,46.9409762]],[[7.4390482,46.9409762],[7.4386222,46.9412233],[7.4384705,46.9413172],[7.4381232,46.9415442],[7.4380457,46.9416042],[7.4379746,46.9416669],[7.4378814,46.9417559],[7.4378027,46.941848],[7.4377133,46.9419668]],[[7.4377133,46.9419668],[7.4376731,46.942028],[7.4376536,46.9420685],[7.4376313,46.9421134],[7.4376185,46.9421577],[7.4376062,46.9422101],[7.4376009,46.9422507],[7.4375851,46.9424018],[7.4375719,46.9424563],[7.437548,46.9424982],[7.4375281,46.9425266],[7.4375041,46.9425571],[7.4374713,46.9425937]],[[7.4374713,46.9425937],[7.4374922,46.9426038],[7.4375101,46.9426151],[7.4375279,46.9426287],[7.4375391,46.942643],[7.4375497,46.9426673],[7.4375525,46.9426935],[7.437552,46.9427394],[7.4375429,46.942995],[7.4375393,46.9431042],[7.4375414,46.9431444],[7.4375488,46.9431785],[7.4375632,46.9432274],[7.4375828,46.9432749],[7.4377344,46.9435874],[7.4379324,46.943985]],[[7.4379324,46.943985],[7.4379594,46.9440389],[7.4379904,46.9441022],[7.4380847,46.9442899],[7.4382642,46.9446519],[7.4383132,46.9447561],[7.4383588,46.9448462],[7.4383869,46.9449004],[7.4384064,46.9449384],[7.4384367,46.9449872],[7.438473,46.9450349],[7.4385001,46.9450609],[7.438528,46.945085],[7.4385731,46.9451194],[7.4386119,46.9451467],[7.4386546,46.9451747]],[[7.4386546,46.9451747],[7.43891,46.9453347],[7.4390055,46.9453953],[7.4390649,46.9454318],[7.439193,46.945508],[7.4392612,46.9455492],[7.4392838,46.9455637],[7.4393014,46.9455764],[7.4393189,46.9455911],[7.439332,46.9456058]]]}},{"type":"Feature","id":173735,"properties":{"name":"Schwarztorstrasse","wikidata":null,"gender":null,"source":null,"details":null},"geometry":{"type":"MultiLineString","coordinates":[[[7.4217776,46.9445066],[7.4218561,46.9445221],[7.4219566,46.9445443],[7.4220105,46.9445563],[7.4220736,46.9445693],[7.4221457,46.9445799]],[[7.4221457,46.9445799],[7.422222,46.944589],[7.4223043,46.9445967],[7.4223908,46.9446043],[7.4224617,46.9446091],[7.4225203,46.9446118],[7.4225496,46.9446127]],[[7.4318935,46.944392],[7.432126,46.9443614],[7.4323329,46.9443327],[7.4323885,46.9443249]],[[7.4323885,46.9443249],[7.4325294,46.9443066],[7.4325462,46.9443034]],[[7.4325462,46.9443034],[7.4325624,46.9442995],[7.4326098,46.9442863],[7.4326593,46.944272],[7.4327383,46.9442453]],[[7.4327383,46.9442453],[7.4331567,46.9440878]],[[7.4331567,46.9440878],[7.4334034,46.9439977],[7.4335741,46.9439361]],[[7.4335741,46.9439361],[7.4341727,46.9437154]],[[7.4341727,46.9437154],[7.4342828,46.9436731],[7.4343871,46.9436354],[7.4344549,46.9436104]],[[7.4344549,46.9436104],[7.4348256,46.9434749],[7.4350128,46.9434065]],[[7.4350128,46.9434065],[7.435267,46.9433115],[7.4353186,46.9432925]],[[7.4353186,46.9432925],[7.4354129,46.9432577]],[[7.4354129,46.9432577],[7.4355548,46.9432057]],[[7.4355548,46.9432057],[7.435742,46.9431381],[7.4358019,46.9431158]],[[7.4358019,46.9431158],[7.4358937,46.9430828],[7.4359245,46.9430717]],[[7.4359245,46.9430717],[7.435954,46.9430614],[7.4360042,46.9430435],[7.4360835,46.9430153],[7.4361347,46.9429964]],[[7.4361347,46.9429964],[7.4366169,46.9428195],[7.4369497,46.9426983],[7.437191,46.9426119],[7.4372686,46.9425861],[7.4373177,46.9425773],[7.4373641,46.9425747],[7.4374057,46.9425772],[7.437437,46.9425821],[7.4374713,46.9425937]],[[7.4302835,46.9446118],[7.4305112,46.944581],[7.4312398,46.9444817],[7.4314045,46.944459],[7.4316759,46.9444215]],[[7.4316759,46.9444215],[7.4318935,46.944392]],[[7.4301284,46.9446312],[7.4302061,46.9446218],[7.4302835,46.9446118]],[[7.4297878,46.9446552],[7.4298654,46.9446519],[7.4299305,46.9446479],[7.4299866,46.9446445],[7.4300391,46.9446401],[7.4301284,46.9446312]],[[7.4293269,46.9446568],[7.4294618,46.9446569],[7.4296003,46.9446574],[7.4296563,46.9446572],[7.429724,46.9446567],[7.4297878,46.9446552]],[[7.4291839,46.9446548],[7.4293269,46.9446568]],[[7.4290177,46.9446562],[7.4291839,46.9446548]],[[7.4271772,46.944646],[7.4272116,46.9446467],[7.4273342,46.9446477],[7.4283296,46.9446494],[7.428417,46.9446496],[7.4290177,46.9446562]],[[7.4264593,46.9446371],[7.4269489,46.9446384],[7.4270011,46.9446392],[7.4270845,46.944642],[7.4271772,46.944646]],[[7.4263103,46.9446365],[7.4264593,46.9446371]],[[7.4259606,46.9446357],[7.4263103,46.9446365]],[[7.4243011,46.944625],[7.4244811,46.9446286],[7.4246625,46.9446312],[7.4257417,46.9446351],[7.4259606,46.9446357]],[[7.4230705,46.9446164],[7.4232456,46.9446157],[7.423425,46.9446159],[7.4236546,46.9446168],[7.4237503,46.9446166],[7.4239383,46.9446179],[7.4241336,46.9446206],[7.4243011,46.944625]],[[7.4225496,46.9446127],[7.4227388,46.9446152],[7.4229254,46.9446177],[7.4230705,46.9446164]]]}},{"type":"Feature","id":173988,"properties":{"name":"M\u00fcnstergasse","wikidata":"Q6950563","gender":null,"source":null,"details":null},"geometry":{"type":"MultiLineString","coordinates":[[[7.4481086,46.9474387],[7.4481881,46.9474397],[7.448363,46.9474446],[7.4491544,46.9474504],[7.4505062,46.9474714]],[[7.4505062,46.9474714],[7.4505258,46.9474713],[7.4505816,46.9474685],[7.4506025,46.9474665],[7.4507205,46.9474509],[7.450733,46.9474493],[7.4507654,46.9474464],[7.4508108,46.9474434],[7.4509323,46.9474411],[7.4510091,46.947442],[7.4510834,46.947445]],[[7.4510834,46.947445],[7.4522084,46.9474919],[7.4523022,46.9475227],[7.4523253,46.9475249],[7.4523652,46.9475276]]]}},{"type":"Feature","id":175304,"properties":{"name":"Neubr\u00fcckstrasse","wikidata":null,"gender":null,"source":null,"details":null},"geometry":{"type":"MultiLineString","coordinates":[[[7.429164,46.9665246],[7.4291821,46.9665011],[7.429198,46.9664773],[7.429209,46.9664552],[7.4292178,46.9664327],[7.4292368,46.9663769],[7.4292681,46.9663186]],[[7.4292681,46.9663186],[7.4293855,46.9661385]],[[7.4293855,46.9661385],[7.4294707,46.966001],[7.4295467,46.9658794],[7.4296109,46.9657758],[7.429674,46.9656726]],[[7.429674,46.9656726],[7.4297454,46.9655592],[7.4298475,46.9654006],[7.4299496,46.9652417],[7.4300123,46.9651383],[7.430266,46.9647637],[7.4302928,46.964727],[7.4303471,46.9646583],[7.4304015,46.964588],[7.4304696,46.964495]],[[7.4304696,46.964495],[7.4306722,46.964217]],[[7.4306722,46.964217],[7.4307589,46.9640992],[7.430782,46.9640685],[7.4308083,46.9640349]],[[7.4308083,46.9640349],[7.4308677,46.9639611],[7.4309305,46.9638872]],[[7.4309305,46.9638872],[7.4309981,46.9638108],[7.4310677,46.9637343]],[[7.4310677,46.9637343],[7.4311101,46.9636905],[7.4312826,46.963547]],[[7.4312826,46.963547],[7.4313944,46.963429],[7.4315131,46.9633119]],[[7.4320882,46.9627675],[7.4320539,46.9628093],[7.4320131,46.9628512],[7.4319425,46.9629215],[7.4318912,46.9629682],[7.4318053,46.9630454],[7.4315131,46.9633119]],[[7.4320882,46.9627675],[7.4321406,46.9627055],[7.4322158,46.9626298],[7.4322371,46.9626083],[7.4322654,46.9625793],[7.4323974,46.9624464],[7.4324365,46.9624046]],[[7.4324365,46.9624046],[7.432551,46.9622825],[7.4330517,46.9618037],[7.433511,46.9613772],[7.4337769,46.9611229],[7.4339811,46.9609348],[7.4341883,46.9607389]],[[7.4407051,46.9514279],[7.440701,46.9513054],[7.4407003,46.9511868]],[[7.4407348,46.9519703],[7.4407382,46.951895],[7.4407372,46.9518184],[7.4407312,46.9516705],[7.4407221,46.9515881],[7.4407189,46.9515617],[7.4407159,46.9515283],[7.4407095,46.9514695],[7.4407051,46.9514279]],[[7.4407119,46.9521918],[7.4407204,46.952058],[7.4407281,46.9520145],[7.4407348,46.9519703]],[[7.4403512,46.952718],[7.4404289,46.952635],[7.4405006,46.9525494],[7.4405606,46.9524665],[7.4406167,46.9523816],[7.4406729,46.9522863],[7.4406934,46.9522397],[7.4407119,46.9521918]],[[7.43993,46.9530447],[7.4399876,46.9530106],[7.4400462,46.9529751],[7.4401009,46.9529407],[7.4401506,46.9529049],[7.4401694,46.9528903],[7.4402643,46.9528051],[7.4403512,46.952718]],[[7.4398767,46.9532416],[7.439867,46.9531826],[7.4398706,46.9531547],[7.4398768,46.9531348],[7.4398944,46.9531044],[7.43993,46.9530447]],[[7.4398767,46.9532416],[7.4398463,46.9532377],[7.4398084,46.9532347],[7.4397662,46.9532338],[7.4397193,46.9532338],[7.4396537,46.9532369]],[[7.4396537,46.9532369],[7.4395616,46.9532798],[7.4394809,46.9533223]],[[7.4394809,46.9533223],[7.439431,46.9533461]],[[7.439431,46.9533461],[7.4393567,46.9533775],[7.439287,46.9534096],[7.4392246,46.9534466],[7.439195,46.953468],[7.439168,46.9534901],[7.439145,46.953514],[7.4391246,46.9535358]],[[7.4390505,46.953722],[7.4390557,46.9536916],[7.4390646,46.953657],[7.4390765,46.9536233],[7.4390955,46.9535819],[7.4391084,46.9535595],[7.4391246,46.9535358]],[[7.4390305,46.9540936],[7.4390296,46.9540484],[7.4390305,46.9540037],[7.4390356,46.9538821],[7.4390431,46.9537987],[7.439044,46.9537819],[7.4390505,46.953722]],[[7.4390379,46.9542266],[7.4390347,46.9541873],[7.4390305,46.9540936]],[[7.4383483,46.9558504],[7.4386612,46.9554439],[7.4387472,46.9553372]],[[7.4387472,46.9553372],[7.4388063,46.9552659],[7.4388401,46.9552267],[7.4388691,46.9551875],[7.438894,46.9551495],[7.4389148,46.9551115],[7.4389423,46.955051]],[[7.4389423,46.955051],[7.43896,46.9550014],[7.4389816,46.9549344],[7.4389984,46.9548623],[7.4390113,46.9547839],[7.4390258,46.9545425]],[[7.4390258,46.9545425],[7.4390324,46.9544349],[7.4390377,46.9543255],[7.4390379,46.9542266]],[[7.4378736,46.956547],[7.4379113,46.9565],[7.4379363,46.9564681],[7.4380245,46.9563438],[7.4381551,46.9561569],[7.4381765,46.9561245],[7.4382248,46.956043],[7.4382769,46.9559592],[7.4383268,46.9558804],[7.4383483,46.9558504]],[[7.4377273,46.9567254],[7.4378736,46.956547]],[[7.4341883,46.9607389],[7.4343339,46.9605999],[7.4346047,46.9603374],[7.4349685,46.95999],[7.4350738,46.9598894],[7.4352251,46.9597332],[7.4354264,46.9595282],[7.4354481,46.9595017],[7.4356867,46.9592106],[7.4357384,46.9591475],[7.4358595,46.9590063],[7.4358909,46.9589704],[7.4359485,46.9589192],[7.4360382,46.9588074],[7.4360999,46.9587145],[7.4361507,46.9586423],[7.4361734,46.9586135],[7.4362587,46.9585041],[7.4363426,46.9583966],[7.436534,46.9581544],[7.4365584,46.9581236],[7.4367447,46.95789],[7.4368913,46.9577121],[7.43705,46.9575225],[7.4370546,46.9575171],[7.4374356,46.9570683],[7.4376435,46.9568239],[7.4377273,46.9567254]],[[7.4312826,46.963547],[7.4312148,46.9637143],[7.4311236,46.9638131],[7.431076,46.9638669],[7.4310302,46.9639208]],[[7.4310302,46.9639208],[7.4309591,46.9640053],[7.4308959,46.9640843],[7.4308357,46.9641617]],[[7.4308357,46.9641617],[7.4307592,46.9642656],[7.4307106,46.964335],[7.4306423,46.9644363],[7.4306103,46.9644856],[7.4305769,46.964536],[7.4305378,46.9645962],[7.4305012,46.9646553],[7.4304617,46.9647206],[7.4304251,46.9647856],[7.4303619,46.9648974],[7.4302978,46.9650053],[7.4302441,46.9650874],[7.4302026,46.9651421],[7.4301792,46.9651697],[7.4301545,46.9651968],[7.4301166,46.965235],[7.4300802,46.9652735],[7.430003,46.9653513],[7.4299352,46.9654279],[7.429875,46.965501],[7.4298243,46.9655693],[7.4297409,46.9656893],[7.4296667,46.9658005],[7.4295935,46.9659107]],[[7.4295935,46.9659107],[7.429434,46.9661506],[7.429351,46.9662814],[7.4293314,46.9663171],[7.4293223,46.9663412],[7.4293162,46.9663715],[7.4293176,46.9663965],[7.4293254,46.9664211],[7.4293414,46.9664459],[7.4293643,46.9664702],[7.4293854,46.9664871],[7.429411,46.9665035]],[[7.4293827,46.9669025],[7.4293392,46.9669261],[7.4293015,46.9669522],[7.4292674,46.9669805],[7.4292417,46.9670111],[7.4292078,46.9670547],[7.4291706,46.9671059],[7.4291273,46.9671585],[7.4290835,46.9672067],[7.429041,46.9672489],[7.4288184,46.9674501]],[[7.4288184,46.9674501],[7.4287596,46.9675046],[7.4287023,46.9675591],[7.4286481,46.9676135],[7.428594,46.9676703]],[[7.428594,46.9676703],[7.428362,46.96791]],[[7.428362,46.96791],[7.4284955,46.967637]],[[7.4284955,46.967637],[7.4286174,46.9674275],[7.4287558,46.9671942],[7.4288948,46.966961]],[[7.4288948,46.966961],[7.4289144,46.9669298],[7.4289366,46.9668979],[7.4289586,46.9668672],[7.4289792,46.9668365],[7.4290076,46.9667907],[7.4290183,46.9667712],[7.4290281,46.9667479]],[[7.428255,46.9733661],[7.4282581,46.973351],[7.4282589,46.9733468],[7.4282647,46.9733184],[7.4282653,46.973295],[7.4282652,46.9732762],[7.4282623,46.9732567],[7.4282586,46.9732375],[7.4282511,46.9732166],[7.4282413,46.9732038],[7.4282278,46.9731914],[7.4282053,46.9731762],[7.4276875,46.9728992],[7.4273285,46.9726955]],[[7.4273285,46.9726955],[7.4272677,46.972661],[7.4267887,46.9723822]],[[7.4267887,46.9723822],[7.4266115,46.9722834],[7.426467,46.9722023],[7.4264438,46.9721896],[7.4263612,46.9721445],[7.4262503,46.9720882],[7.4261171,46.9720271],[7.4258321,46.9719],[7.4254526,46.9717332],[7.4248165,46.9714563],[7.4245911,46.9713559],[7.4242749,46.9712182],[7.4241825,46.971173],[7.424111,46.9711319],[7.4240479,46.9710872],[7.424002,46.9710451],[7.4239695,46.9710092],[7.4239398,46.9709694],[7.423919,46.9709326],[7.4239035,46.9708937]],[[7.4239035,46.9708937],[7.4238925,46.9708567],[7.4238817,46.9708072]],[[7.4238817,46.9708072],[7.4238771,46.9707058],[7.4238711,46.9705901]],[[7.4238711,46.9705901],[7.4238743,46.9704381],[7.4238795,46.9702979],[7.4238817,46.9702381]],[[7.4238817,46.9702381],[7.4240476,46.9702358],[7.4242111,46.9702319],[7.4243869,46.9702251]],[[7.4243869,46.9702251],[7.4245524,46.970217],[7.4246343,46.9702125],[7.424718,46.9702076],[7.4249003,46.9701953],[7.4250706,46.970183]],[[7.4250706,46.970183],[7.4252364,46.9701691],[7.4253915,46.9701552],[7.4254938,46.9701445],[7.4255946,46.9701319],[7.4256989,46.970117],[7.4257974,46.9701014],[7.4259057,46.9700822],[7.4260032,46.9700628],[7.4261174,46.9700362],[7.4262193,46.9700094],[7.4263087,46.9699836],[7.4263937,46.969956],[7.4264927,46.9699214],[7.4265844,46.9698857],[7.4266623,46.969853],[7.4267342,46.9698197],[7.4268286,46.9697733],[7.4269172,46.9697243],[7.4269869,46.9696828],[7.4270553,46.9696399],[7.4271333,46.969587],[7.4272061,46.9695336],[7.4272632,46.9694876],[7.4273178,46.9694401],[7.4273706,46.9693921],[7.4274202,46.9693436],[7.4274765,46.9692856],[7.4275292,46.9692272],[7.4275844,46.9691619],[7.4276361,46.9690958],[7.4277321,46.9689636],[7.4277787,46.968894],[7.4278227,46.9688237],[7.4278649,46.9687553],[7.4279065,46.9686834],[7.4280073,46.9685135],[7.428362,46.96791]],[[7.4407119,46.9521918],[7.4408015,46.9520675],[7.4408181,46.952008],[7.4408293,46.9519431],[7.4408521,46.9517912]],[[7.4408521,46.9517912],[7.4408619,46.951642],[7.4408659,46.9516232],[7.440875,46.9516044],[7.4408855,46.9515921],[7.4409116,46.9515729],[7.4409458,46.9515555],[7.440987,46.951545],[7.4410345,46.9515408],[7.4410793,46.9515452],[7.4411154,46.9515527]],[[7.4396537,46.9532369],[7.4397403,46.9531326],[7.4398311,46.9530886],[7.43993,46.9530447]]]}},{"type":"Feature","id":177558,"properties":{"name":"Sidlerstrasse","wikidata":null,"gender":null,"source":null,"details":null},"geometry":null},{"type":"Feature","id":186238,"properties":{"name":"Tavelweg","wikidata":null,"gender":"M","source":"wikidata","details":{"wikidata":"Q124667","person":true,"gender":"M","labels":{"en":{"language":"en","value":"Rudolf von Tavel"},"de":{"language":"de","value":"Rudolf von Tavel"}},"descriptions":{"en":{"language":"en","value":"Swiss journalist and writer (1866-1934)"},"de":{"language":"de","value":"Schweizer Journalist und Schriftsteller"}},"nicknames":[],"birth":1866,"death":1934,"sitelinks":{"enwiki":{"site":"enwiki","title":"Rudolf von Tavel","badges":[],"url":"https:\/\/en.wikipedia.org\/wiki\/Rudolf_von_Tavel"},"dewiki":{"site":"dewiki","title":"Rudolf von Tavel","badges":[],"url":"https:\/\/de.wikipedia.org\/wiki\/Rudolf_von_Tavel"}},"image":"Tavel.jpg"}},"geometry":{"type":"MultiLineString","coordinates":[[[7.46398,46.94622],[7.4639473,46.946249],[7.4639371,46.9462581],[7.4638379,46.9463467]],[[7.4638379,46.9463467],[7.4636039,46.9465415],[7.4635673,46.9465727],[7.4635099,46.9466213],[7.4633647,46.9467437],[7.4631217,46.9469485],[7.4625267,46.947437],[7.4625088,46.9474591],[7.4624824,46.9474951]],[[7.4624824,46.9474951],[7.4624491,46.9475361],[7.4624343,46.9475465],[7.4621716,46.947728],[7.4619343,46.9478945],[7.4615771,46.9481443]]]}},{"type":"Feature","id":186239,"properties":{"name":"Wattenwylweg","wikidata":null,"gender":null,"source":null,"details":null},"geometry":{"type":"MultiLineString","coordinates":[[[7.4648265,46.946568],[7.4647907,46.9465977],[7.464783,46.9466041],[7.4644061,46.9469275],[7.4642827,46.94703],[7.4632004,46.9479288],[7.4631668,46.9479567],[7.4631196,46.9479935],[7.4626039,46.948353]],[[7.4626039,46.948353],[7.4622509,46.948595]],[[7.4642827,46.94703],[7.4642434,46.9470079],[7.464061,46.9469056],[7.4640551,46.946902],[7.4640494,46.946897],[7.4640465,46.9468907],[7.4640353,46.9468672],[7.4640297,46.9468616],[7.4640186,46.9468553]]]}},{"type":"Feature","id":186240,"properties":{"name":"Erikaweg","wikidata":null,"gender":null,"source":null,"details":null},"geometry":{"type":"MultiLineString","coordinates":[[[7.4644061,46.9469275],[7.4651018,46.9473142],[7.4651378,46.9473337]]]}},{"type":"Feature","id":186241,"properties":{"name":"Steigerweg","wikidata":null,"gender":null,"source":null,"details":null},"geometry":{"type":"MultiLineString","coordinates":[[[7.4630808,46.9489585],[7.4631532,46.9489097],[7.4632839,46.9488156]],[[7.4632839,46.9488156],[7.4637991,46.948447],[7.4638475,46.9484121],[7.4641544,46.9481629],[7.464363,46.9479883],[7.4647112,46.9476949],[7.4651378,46.9473337],[7.465356,46.9471548],[7.4653866,46.9471361],[7.4654424,46.9471151],[7.4654875,46.947102],[7.4655342,46.947091]],[[7.4655203,46.9470432],[7.4655304,46.9470298],[7.4655446,46.9470208],[7.4655646,46.9470142],[7.4656014,46.9470071],[7.4656216,46.9470051],[7.4656422,46.9470045],[7.4656595,46.9470052],[7.4656983,46.9470095]]]}},{"type":"Feature","id":188062,"properties":{"name":"Bantigerstrasse","wikidata":null,"gender":null,"source":null,"details":null},"geometry":{"type":"MultiLineString","coordinates":[[[7.4643453,46.9487498],[7.4641523,46.9486186],[7.4638475,46.9484121],[7.4638072,46.9483851],[7.4631668,46.9479567],[7.4631304,46.9479324],[7.4627945,46.9477076],[7.462517,46.9475216],[7.4624824,46.9474951],[7.4624434,46.9474673],[7.4621291,46.9472626],[7.4620309,46.947197],[7.461661,46.9469495],[7.4616179,46.9469204],[7.4609309,46.9464564],[7.4608938,46.9464345]],[[7.4645442,46.948873],[7.4645108,46.9488555],[7.4644783,46.948837],[7.4644696,46.9488314],[7.4643453,46.9487498]],[[7.4629809,46.9475772],[7.4628313,46.9476818],[7.4627945,46.9477076]],[[7.4620309,46.947197],[7.4619937,46.9472229],[7.4618171,46.9473459]]]}},{"type":"Feature","id":188128,"properties":{"name":"Klaraweg","wikidata":null,"gender":null,"source":null,"details":null},"geometry":{"type":"MultiLineString","coordinates":[[[7.4608298,46.9475926],[7.4608329,46.9475828],[7.4608385,46.9475727],[7.4608461,46.9475629],[7.4608579,46.947552],[7.4613524,46.9471959],[7.461365,46.9471871],[7.4616146,46.9470157],[7.4616411,46.9469757],[7.461661,46.9469495],[7.4616837,46.9469058],[7.4616901,46.9468936]],[[7.4616901,46.9468936],[7.4618764,46.9467276],[7.4619933,46.946626],[7.4621556,46.946485],[7.4622201,46.946429],[7.4625646,46.9461303],[7.4625888,46.9461085],[7.4628174,46.9459101],[7.4629426,46.9458014]],[[7.4629426,46.9458014],[7.4629742,46.945774],[7.4629816,46.9457674],[7.4630147,46.9457367]],[[7.461365,46.9471871],[7.4616619,46.9473866]]]}},{"type":"Feature","id":188159,"properties":{"name":"Vennerweg","wikidata":null,"gender":null,"source":null,"details":null},"geometry":{"type":"MultiLineString","coordinates":[[[7.4619343,46.9478945],[7.4620974,46.9480043],[7.4625763,46.9483235],[7.4626039,46.948353]],[[7.4626039,46.948353],[7.4626296,46.9483781],[7.463239,46.948785],[7.4632839,46.9488156]]]}},{"type":"Feature","id":188213,"properties":{"name":"Haspelgasse","wikidata":null,"gender":null,"source":null,"details":null},"geometry":{"type":"MultiLineString","coordinates":[[[7.464047,46.9493902],[7.4639919,46.9493666],[7.4639713,46.9493578]],[[7.4639713,46.9493578],[7.4635178,46.9491563],[7.4634774,46.9491378],[7.4632451,46.949031],[7.4630808,46.9489585]],[[7.4630808,46.9489585],[7.4630377,46.9489396],[7.4630247,46.9489347],[7.4630131,46.9489307],[7.4629835,46.9489227],[7.4627288,46.9488682],[7.4626998,46.9488615],[7.4626694,46.9488527],[7.4626404,46.9488424]]]}},{"type":"Feature","id":190336,"properties":{"name":"Laubeggstrasse","wikidata":null,"gender":null,"source":null,"details":null},"geometry":{"type":"MultiLineString","coordinates":[[[7.4632248,46.9502846],[7.4631225,46.9502405],[7.463087,46.9502294],[7.4630534,46.9502278],[7.4629686,46.950242],[7.4629307,46.9502538],[7.4628998,46.950272],[7.4628612,46.9503024],[7.4628103,46.9503486],[7.4627589,46.9503962],[7.4627177,46.9504321],[7.4626664,46.9504669],[7.4626226,46.9504863],[7.4625829,46.9504945],[7.4625411,46.9504971],[7.4624986,46.9504971],[7.4624476,46.9504952],[7.4623913,46.9504971],[7.4623403,46.9505007],[7.4622974,46.9505117],[7.4622545,46.95053],[7.462233,46.9505465],[7.4622223,46.9505758],[7.4622223,46.9505996]],[[7.4636807,46.9504129],[7.4639242,46.9502391]],[[7.4638682,46.9508862],[7.4637904,46.9508492],[7.4637736,46.9508422],[7.463758,46.9508394],[7.4637432,46.9508433],[7.4637295,46.9508503],[7.463611,46.9509197]],[[7.4643699,46.9508717],[7.4641452,46.9507647],[7.4641327,46.950757],[7.464119,46.9507459],[7.4641119,46.950733],[7.4641082,46.9507228],[7.4640875,46.9506148]],[[7.4633549,46.9502353],[7.4634238,46.9502606],[7.4634795,46.950285],[7.4636807,46.9504129],[7.4637804,46.9504787],[7.4638331,46.9505108],[7.4638744,46.9505349],[7.4639189,46.9505554],[7.4639572,46.9505722],[7.4639989,46.9505896],[7.4640493,46.9506062],[7.4640875,46.9506148],[7.4641362,46.9506169],[7.4641743,46.9506233],[7.4642205,46.9506283],[7.4642676,46.9506323],[7.4642952,46.950633],[7.4643143,46.9506332],[7.4643359,46.9506334],[7.464366,46.9506319],[7.4644068,46.9506294],[7.4645103,46.9506184],[7.4645641,46.9506149],[7.4645934,46.9506159],[7.4646234,46.9506191],[7.4646507,46.9506269],[7.4646792,46.9506399],[7.4646993,46.9506554],[7.4647136,46.950673],[7.4647198,46.9506877],[7.4647229,46.9507069],[7.4647195,46.9507281],[7.4647093,46.9507473],[7.4646881,46.9507649],[7.4646629,46.9507763],[7.4646355,46.9507824],[7.4646048,46.950784],[7.4645777,46.9507804],[7.4645494,46.9507744],[7.4645261,46.950767],[7.4643886,46.9506973],[7.464374,46.950689],[7.4643575,46.9506796],[7.4642952,46.950633]],[[7.4628658,46.9517882],[7.4627896,46.9517699],[7.4626896,46.9516752],[7.4626815,46.9516708],[7.462673,46.9516681],[7.462662,46.9516672],[7.4626509,46.9516691],[7.4626405,46.9516734],[7.4625678,46.9517241],[7.4625581,46.95173],[7.4625445,46.9517358],[7.4625282,46.9517396],[7.4625103,46.9517411],[7.4624923,46.9517389],[7.4624759,46.9517344],[7.4624576,46.9517268],[7.4624406,46.9517169],[7.4624265,46.9517052],[7.4624171,46.951691],[7.4624076,46.9516704],[7.4623962,46.9516316],[7.4623905,46.9515977],[7.4623904,46.9515657],[7.4623977,46.9515015],[7.4623958,46.9514815],[7.4623772,46.9514317],[7.4623681,46.9514161],[7.4623541,46.951402],[7.4623292,46.9513875],[7.4622606,46.9513477]],[[7.4717101,46.9449325],[7.4717674,46.944891],[7.4718763,46.944811],[7.471905,46.9447894],[7.47195,46.9447555]],[[7.4716233,46.9449966],[7.4717101,46.9449325]],[[7.4713592,46.945169],[7.4715048,46.9450805],[7.471543,46.9450535],[7.4715808,46.9450275],[7.4716233,46.9449966]],[[7.4712074,46.9452848],[7.4712864,46.9452145],[7.4713592,46.945169]],[[7.4712074,46.9452848],[7.4711705,46.945305]],[[7.4711705,46.945305],[7.4709341,46.945436]],[[7.4709341,46.945436],[7.470695,46.945576],[7.4704951,46.9456947],[7.4703989,46.9457537],[7.4703034,46.9458122],[7.4701866,46.9458833],[7.4700905,46.9459383],[7.4700254,46.9459746],[7.4699609,46.9460082],[7.4698819,46.9460482],[7.4698145,46.9460817]],[[7.4698145,46.9460817],[7.4697587,46.9461077],[7.4697021,46.9461327],[7.469642,46.9461576],[7.4695787,46.9461811],[7.4694806,46.9462137],[7.4694249,46.9462301],[7.4693673,46.9462456],[7.4692761,46.9462693],[7.4689291,46.9463608],[7.4687636,46.9464048],[7.4685382,46.9464643],[7.4683146,46.9465232]],[[7.4683146,46.9465232],[7.4680758,46.946587],[7.4679978,46.9466077]],[[7.4679978,46.9466077],[7.4679091,46.946632],[7.4678219,46.9466564]],[[7.4678219,46.9466564],[7.4677296,46.9466821],[7.4676411,46.9467067],[7.4675548,46.9467313],[7.4674558,46.9467616],[7.4673974,46.9467815],[7.4673402,46.9468018],[7.4672896,46.9468205],[7.4672412,46.9468391],[7.4671848,46.9468621],[7.4670996,46.9468989],[7.4670527,46.9469198],[7.46701,46.9469407],[7.4669569,46.9469679],[7.4669072,46.9469939],[7.4668368,46.9470337],[7.4667684,46.947074],[7.4666809,46.9471288],[7.4666303,46.9471603],[7.4665949,46.9471842]],[[7.4665949,46.9471842],[7.4665401,46.947222],[7.4664863,46.9472626]],[[7.4664863,46.9472626],[7.466438,46.9473016],[7.4663928,46.9473406],[7.466361,46.9473681],[7.4662953,46.9474244]],[[7.4662953,46.9474244],[7.4662416,46.9474696],[7.4661873,46.947514]],[[7.4661873,46.947514],[7.4661331,46.9475579],[7.4660617,46.947613]],[[7.4660617,46.947613],[7.4660353,46.9476338],[7.4660026,46.9476597],[7.4659675,46.9476882],[7.4659052,46.9477398],[7.46582,46.9478068],[7.4657217,46.9478864]],[[7.4657217,46.9478864],[7.4653943,46.9481517],[7.4653474,46.9481897],[7.4650944,46.9483959],[7.4649846,46.9484893],[7.4648748,46.9485816],[7.464757,46.9486837]],[[7.464757,46.9486837],[7.4646612,46.9487667],[7.4646009,46.94882],[7.4645721,46.9488468],[7.4645442,46.948873]],[[7.4645442,46.948873],[7.4644988,46.9489166],[7.4644552,46.9489603],[7.4643763,46.9490418],[7.4642898,46.949131],[7.4642061,46.949219],[7.4641598,46.9492688],[7.4640809,46.9493538],[7.464047,46.9493902],[7.463976,46.9494672],[7.4638628,46.9495969],[7.4637881,46.9496857],[7.4637261,46.949759],[7.4636671,46.9498315],[7.4635917,46.9499259],[7.463519,46.9500202],[7.4633549,46.9502353],[7.4633376,46.9502586],[7.4633167,46.9502867],[7.4631685,46.9504838],[7.463041,46.9506561],[7.4630009,46.9507071],[7.4629597,46.9507569],[7.4629171,46.9508047],[7.4628718,46.9508519],[7.4628438,46.9508789],[7.4628154,46.9509056],[7.4627766,46.9509396],[7.4627356,46.9509731],[7.462685,46.9510144],[7.4625857,46.9510919],[7.4624825,46.9511696],[7.4624185,46.9512204],[7.4623585,46.9512667],[7.4623093,46.9513073],[7.4622606,46.9513477]],[[7.4622606,46.9513477],[7.4622259,46.9513763],[7.4620538,46.9515133],[7.4618679,46.9516582],[7.4617926,46.9517156],[7.4617104,46.9517736]],[[7.4617104,46.9517736],[7.4616464,46.9518189],[7.4615798,46.9518641],[7.4614546,46.9519447],[7.4613278,46.9520252],[7.461312,46.9520353],[7.4611405,46.952145],[7.4610693,46.9521928]],[[7.4610693,46.9521928],[7.4609982,46.9522405],[7.4609213,46.952289],[7.460501,46.9525565],[7.4603409,46.9526562],[7.4602605,46.9527061],[7.4601849,46.9527559],[7.4601554,46.9527768],[7.460082,46.9528305],[7.460031,46.9528689],[7.4599801,46.9529051]],[[7.4599801,46.9529051],[7.4597409,46.9530604],[7.4595848,46.9531621],[7.4595042,46.9532128],[7.4594226,46.9532615],[7.45929,46.9533374]]]}},{"type":"Feature","id":190337,"properties":{"name":"Friedlistrasse","wikidata":null,"gender":null,"source":null,"details":null},"geometry":{"type":"MultiLineString","coordinates":[[[7.4669135,46.9479993],[7.4668712,46.9480322],[7.4668064,46.9480827],[7.4666173,46.9482335],[7.4665081,46.9483184],[7.4663129,46.9484712],[7.4661144,46.9486264],[7.4658829,46.9488073],[7.4656156,46.9490141],[7.4654816,46.9491383],[7.4654407,46.9491766],[7.4653752,46.9492383],[7.4652446,46.9493672],[7.4651623,46.9494586],[7.4649972,46.9496542],[7.464971,46.9496858]]]}},{"type":"Feature","id":190344,"properties":{"name":"Bantigerweg","wikidata":null,"gender":null,"source":null,"details":null},"geometry":{"type":"MultiLineString","coordinates":[[[7.4674049,46.9483554],[7.4673629,46.9483881],[7.4664381,46.9491085],[7.4664299,46.9491174],[7.4664161,46.9491348],[7.466411,46.9491409],[7.4663895,46.9491631],[7.4663697,46.9491797],[7.4661703,46.9493394],[7.4661313,46.9493943]],[[7.4661313,46.9493943],[7.4660728,46.9493852],[7.4654407,46.9491766]],[[7.4654407,46.9491766],[7.4653818,46.949161],[7.4650838,46.9490705],[7.4650751,46.9490677],[7.4646259,46.9489066],[7.4645442,46.948873]]]}},{"type":"Feature","id":190363,"properties":{"name":"Spittelerstrasse","wikidata":null,"gender":null,"source":null,"details":null},"geometry":{"type":"MultiLineString","coordinates":[[[7.4678267,46.9486086],[7.4677838,46.9486408],[7.4676011,46.9487839],[7.4673239,46.949001],[7.4673017,46.9490188],[7.4671268,46.9491552],[7.4671154,46.9491641],[7.4670745,46.9491993],[7.4670465,46.9492262],[7.4669838,46.9492976],[7.4669239,46.9493704],[7.466778,46.9495521],[7.4667346,46.9496056]],[[7.4667346,46.9496056],[7.4661313,46.9493943]],[[7.4667346,46.9496056],[7.4665321,46.9498439],[7.4662967,46.9501202],[7.4662724,46.9501509]]]}},{"type":"Feature","id":190408,"properties":{"name":"Bitziusstrasse","wikidata":null,"gender":null,"source":null,"details":null},"geometry":{"type":"MultiLineString","coordinates":[[[7.4673017,46.9490188],[7.4673407,46.9490377],[7.4680098,46.9493419],[7.4681401,46.9494013],[7.4681587,46.949409],[7.4681871,46.949416],[7.4682156,46.9494193],[7.4682462,46.9494188],[7.4682753,46.9494143],[7.4683678,46.9493894],[7.4684021,46.9493854],[7.4684373,46.9493874],[7.4684729,46.9493952],[7.4685061,46.9494094],[7.4686667,46.9494865],[7.4687128,46.9495093]],[[7.4690261,46.9492321],[7.4689846,46.9492692],[7.4687128,46.9495093],[7.468354,46.9498638],[7.4682192,46.9499991],[7.4679477,46.9502803],[7.4678501,46.950378],[7.4676448,46.9505818],[7.4673662,46.9508638],[7.4670914,46.9511629],[7.4670335,46.951226],[7.4666941,46.9515926],[7.4666772,46.9516088],[7.4666557,46.9516247],[7.4666343,46.9516383],[7.4666051,46.9516504],[7.4665825,46.9516556],[7.4665624,46.9516589],[7.4665442,46.9516605],[7.4665268,46.9516608],[7.4665069,46.9516594],[7.4664877,46.9516574],[7.4664731,46.951655],[7.4664575,46.9516516],[7.4660204,46.9515213],[7.4659674,46.951509],[7.4659174,46.9514989],[7.4658717,46.9514925],[7.465819,46.951491],[7.4657774,46.9514929],[7.4657357,46.9514977],[7.4656896,46.9515103],[7.4656458,46.9515257],[7.4656072,46.9515464],[7.4655571,46.9515752],[7.4648096,46.9521486],[7.4647983,46.9521592],[7.4647866,46.9521715],[7.464777,46.9521865],[7.4647696,46.9522041],[7.4647651,46.9522214],[7.4647655,46.9522342],[7.4647685,46.9522618],[7.4647693,46.9522675],[7.4647735,46.9523036]]]}},{"type":"Feature","id":190409,"properties":{"name":"Schosshaldenstrasse","wikidata":null,"gender":null,"source":null,"details":null},"geometry":{"type":"MultiLineString","coordinates":[[[7.4731387,46.9507854],[7.4730246,46.9508126],[7.4729977,46.950819],[7.4729036,46.9508415]],[[7.4728392,46.9508246],[7.4729036,46.9508415]],[[7.4728084,46.9508166],[7.4728392,46.9508246]],[[7.472257,46.9514499],[7.472111,46.9514872]],[[7.4609649,46.9445233],[7.4609734,46.944567],[7.4609861,46.9445954],[7.4609968,46.9446085],[7.4610104,46.9446225],[7.4610296,46.9446391],[7.4610634,46.9446611],[7.4611117,46.9446887],[7.4611707,46.9447206],[7.4613663,46.9448157]],[[7.4613663,46.9448157],[7.4614565,46.9448599],[7.4614904,46.9448771],[7.4615395,46.9449042],[7.4615866,46.9449314]],[[7.4615866,46.9449314],[7.4616278,46.9449569],[7.4616895,46.9449959],[7.4617561,46.945036],[7.4620865,46.9452188],[7.4622328,46.9453007],[7.4628821,46.9456625],[7.4630147,46.9457367],[7.4630407,46.9457512],[7.4631308,46.9457994],[7.4632661,46.9458686],[7.4635688,46.9460212],[7.4637418,46.9461077],[7.463873,46.9461722],[7.46398,46.94622],[7.4640562,46.946251],[7.4640996,46.9462689],[7.4641471,46.946288],[7.4644298,46.9464016],[7.4646115,46.9464745],[7.464661,46.9464944],[7.4647033,46.9465122],[7.4647436,46.9465295],[7.4647822,46.9465473],[7.4648265,46.946568],[7.4648801,46.9465951],[7.4649268,46.9466192],[7.4651697,46.9467436],[7.4654205,46.9468787]],[[7.4655203,46.9470432],[7.4655112,46.9470006],[7.4654987,46.9469641],[7.4654816,46.9469392],[7.4654205,46.9468787]],[[7.4661873,46.947514],[7.466083,46.9474625],[7.4660357,46.9474368],[7.4659906,46.9474122],[7.465881,46.9473501],[7.4656327,46.9472087],[7.4656108,46.9471942],[7.4655925,46.9471798],[7.4655703,46.9471548],[7.4655495,46.9471249],[7.4655342,46.947091],[7.465522,46.9470538],[7.4655203,46.9470432]],[[7.4664222,46.9476067],[7.4662849,46.9475546],[7.4662331,46.9475338],[7.4661873,46.947514]],[[7.4664222,46.9476067],[7.4664791,46.9476525]],[[7.4664791,46.9476525],[7.4665154,46.9476761],[7.4665402,46.9476938],[7.466555,46.947705]],[[7.466555,46.947705],[7.4669135,46.9479993],[7.4671769,46.9481981],[7.4674049,46.9483554],[7.4676076,46.9484775],[7.4677963,46.9485912],[7.4678267,46.9486086],[7.4680954,46.9487459],[7.4682646,46.948832],[7.4690261,46.9492321]],[[7.4690261,46.9492321],[7.4691504,46.9493051],[7.4692545,46.9493663],[7.4693515,46.9494232],[7.4694524,46.9494825],[7.469569,46.9495585],[7.4697171,46.9496551],[7.4699009,46.9497749],[7.4702326,46.9499931],[7.4704609,46.9501236],[7.4705899,46.9501813],[7.4707216,46.9502324],[7.4708555,46.950273],[7.4711064,46.950349],[7.4716352,46.9505084],[7.4718109,46.9505589],[7.4719808,46.9506073],[7.472122,46.9506403]],[[7.472122,46.9506403],[7.4725963,46.950761]],[[7.4725963,46.950761],[7.4726071,46.9507638]],[[7.4661811,46.947256],[7.4662742,46.947262],[7.4663158,46.9472633],[7.46636,46.9472631],[7.4664863,46.9472626]],[[7.4661811,46.947256],[7.4662228,46.9473129],[7.4662381,46.9473326],[7.466255,46.9473572],[7.4662738,46.9473877],[7.4662953,46.9474244]],[[7.4662953,46.9474244],[7.466345,46.9475007],[7.4664222,46.9476067]],[[7.4654205,46.9468787],[7.4655357,46.9469101]],[[7.4655357,46.9469101],[7.4655772,46.9469313],[7.4656374,46.9469631]],[[7.4656374,46.9469631],[7.4656639,46.946982],[7.4656983,46.9470095]],[[7.4656983,46.9470095],[7.4657398,46.9470291],[7.4658788,46.9471003],[7.4660178,46.9471719],[7.4660918,46.94721],[7.4661444,46.9472376],[7.4661811,46.947256]],[[7.4660178,46.9471719],[7.4660254,46.9471895],[7.4660317,46.9472071],[7.4660368,46.9472288],[7.4660376,46.9472481],[7.4660362,46.9472633],[7.4660298,46.9472815],[7.466019,46.9472978],[7.4660006,46.9473179],[7.4659886,46.9473282],[7.4659709,46.947337],[7.4659516,46.947343],[7.4659273,46.9473472],[7.465881,46.9473501]],[[7.466379,46.9471754],[7.4663637,46.9471534],[7.4663404,46.9471313],[7.4663206,46.9471156],[7.4662939,46.9470975],[7.4662661,46.9470834],[7.4662293,46.9470705],[7.4661889,46.9470597],[7.4661488,46.9470522],[7.4661049,46.9470474],[7.4660543,46.9470443],[7.4659999,46.9470444],[7.465934,46.9470483]],[[7.4751579,46.950906],[7.4751463,46.9509068],[7.4751361,46.9509068],[7.4751262,46.9509062],[7.4751174,46.9509056],[7.4748467,46.9508766],[7.4737616,46.9507429],[7.4736719,46.9507343],[7.4736215,46.9507305],[7.4735688,46.9507283],[7.4735165,46.9507271],[7.473462,46.9507285],[7.4734057,46.950732],[7.4733576,46.9507367],[7.4733142,46.9507429],[7.4732699,46.9507514],[7.4732244,46.9507613],[7.4731387,46.9507854]]]}},{"type":"Feature","id":190573,"properties":{"name":"Wyssweg","wikidata":null,"gender":"M","source":"wikidata","details":{"wikidata":"Q116168","person":true,"gender":"M","labels":{"en":{"language":"en","value":"Johann Rudolf Wyss"},"de":{"language":"de","value":"Johann Rudolf Wyss"}},"descriptions":{"en":{"language":"en","value":"Swiss writer (1782-1830)"},"de":{"language":"de","value":"Schweizer Autor"}},"nicknames":[],"birth":1782,"death":1830,"sitelinks":{"enwiki":{"site":"enwiki","title":"Johann Rudolf Wyss","badges":[],"url":"https:\/\/en.wikipedia.org\/wiki\/Johann_Rudolf_Wyss"},"dewiki":{"site":"dewiki","title":"Johann Rudolf Wyss (der J\u00fcngere)","badges":[],"url":"https:\/\/de.wikipedia.org\/wiki\/Johann_Rudolf_Wyss_(der_J%C3%BCngere)"}},"image":"Johann Rudolf Wyss (der J\u00fcngere).jpg"}},"geometry":{"type":"MultiLineString","coordinates":[[[7.466778,46.9495521],[7.4668217,46.9495651],[7.4681693,46.9499831],[7.4682192,46.9499991]]]}},{"type":"Feature","id":190574,"properties":{"name":"Kuhnweg","wikidata":null,"gender":"M","source":"wikidata","details":{"wikidata":"Q1539803","person":true,"gender":"M","labels":{"en":{"language":"en","value":"Gottlieb Jakob Kuhn"},"de":{"language":"de","value":"Gottlieb Jakob Kuhn"}},"descriptions":{"en":{"language":"en","value":"Swiss poet (1775-1849)"},"de":{"language":"de","value":"Schweizer Pfarrer und Volksliederdichter"}},"nicknames":[],"birth":1775,"death":1849,"sitelinks":{"enwiki":{"site":"enwiki","title":"Gottlieb Jakob Kuhn","badges":[],"url":"https:\/\/en.wikipedia.org\/wiki\/Gottlieb_Jakob_Kuhn"},"dewiki":{"site":"dewiki","title":"Gottlieb Jakob Kuhn","badges":[],"url":"https:\/\/de.wikipedia.org\/wiki\/Gottlieb_Jakob_Kuhn"}},"image":"GottliebJakobKuhn.jpg"}},"geometry":{"type":"MultiLineString","coordinates":[[[7.4665321,46.9498439],[7.4665792,46.9498592],[7.4678952,46.9502639],[7.4679477,46.9502803]]]}},{"type":"Feature","id":190575,"properties":{"name":"Haspelweg","wikidata":null,"gender":null,"source":null,"details":null},"geometry":{"type":"MultiLineString","coordinates":[[[7.4640809,46.9493538],[7.4641364,46.9493751],[7.4641531,46.9493815],[7.464301,46.9494388],[7.4649257,46.9496687],[7.464971,46.9496858],[7.4653651,46.9498347],[7.4659302,46.9500382],[7.4659851,46.9500564],[7.4660648,46.9500844],[7.4661293,46.9501057],[7.4662194,46.9501344],[7.4662724,46.9501509],[7.4673734,46.9504963],[7.4675953,46.9505661],[7.4676448,46.9505818]]]}},{"type":"Feature","id":317826,"properties":{"name":"Sch\u00f6nbergrain","wikidata":null,"gender":null,"source":null,"details":null},"geometry":{"type":"MultiLineString","coordinates":[[[7.463041,46.9506561],[7.4630966,46.9506767],[7.4631144,46.9506833],[7.4631653,46.950705],[7.4634359,46.9508365],[7.463611,46.9509197],[7.4638441,46.951031],[7.4644135,46.9513009],[7.4644274,46.951308],[7.4644387,46.9513137],[7.4644452,46.9513182],[7.4644492,46.9513228],[7.4644541,46.95133],[7.4644564,46.9513372],[7.4644562,46.9513426]]]}},{"type":"Feature","id":317827,"properties":{"name":"Sch\u00f6nbergweg","wikidata":null,"gender":null,"source":null,"details":null},"geometry":{"type":"MultiLineString","coordinates":[[[7.4644562,46.9513426],[7.464455,46.9513491],[7.4644518,46.9513559],[7.4644433,46.9513658],[7.4644318,46.9513756],[7.4641853,46.9515674],[7.4641637,46.9515838],[7.4641311,46.9516038],[7.4641027,46.9516189],[7.4640686,46.9516336],[7.4640466,46.9516413],[7.4640269,46.9516473],[7.4639706,46.9516612],[7.4639107,46.9516701],[7.4638611,46.9516742],[7.4638153,46.9516741],[7.4637813,46.9516731],[7.4637298,46.9516672],[7.4636771,46.9516568],[7.4636197,46.9516393],[7.4635516,46.9516141],[7.4633448,46.9515377],[7.4632953,46.95152],[7.463216,46.9514898],[7.4631347,46.9514557],[7.4630452,46.9514146],[7.4628929,46.9513465],[7.4625667,46.9512016],[7.4624825,46.9511696]]]}},{"type":"Feature","id":317937,"properties":{"name":"Ostermundigenstrasse","wikidata":null,"gender":null,"source":null,"details":null},"geometry":{"type":"MultiLineString","coordinates":[[[7.4617104,46.9517736],[7.4617532,46.9517856],[7.4618075,46.9518053],[7.4618536,46.9518239],[7.4619109,46.9518512],[7.4620097,46.9519017],[7.4621036,46.951951],[7.4621529,46.9519752],[7.462207,46.9519993],[7.4622921,46.9520327],[7.4623569,46.9520541],[7.4624244,46.9520735]],[[7.4624244,46.9520735],[7.4625721,46.952109],[7.4627299,46.9521447],[7.4628833,46.9521803],[7.4630402,46.9522159],[7.463107,46.9522271]],[[7.463107,46.9522271],[7.463274,46.9522514],[7.463536,46.9522847],[7.4636198,46.9522956],[7.4637159,46.9523061],[7.4637896,46.9523139],[7.463877,46.9523214],[7.4639651,46.9523269],[7.4640376,46.9523302],[7.4641565,46.9523328],[7.464269,46.9523325],[7.464347,46.9523301],[7.4644529,46.9523248],[7.4646115,46.9523142],[7.4647735,46.9523036],[7.4648774,46.9522984],[7.4649182,46.9522968],[7.4649572,46.9522954],[7.4650204,46.9522934],[7.4651096,46.9522911],[7.4652345,46.9522925],[7.4652893,46.9522954],[7.4653574,46.9523007],[7.465491,46.9523155],[7.4656921,46.9523417],[7.4661081,46.9523983],[7.4664375,46.9524483],[7.466715,46.9524931],[7.4668935,46.952519],[7.4669913,46.9525333],[7.4670955,46.9525479],[7.4671666,46.9525591],[7.4672577,46.9525762],[7.4673288,46.9525929],[7.4673973,46.9526092],[7.4674616,46.9526253],[7.4675257,46.952641]],[[7.4675257,46.952641],[7.4686594,46.9529252],[7.4693377,46.9530909],[7.4696205,46.9531581],[7.4698613,46.953212]],[[7.4698613,46.953212],[7.4699425,46.9532294]],[[7.4699425,46.9532294],[7.4700882,46.9532596]],[[7.4700882,46.9532596],[7.4702343,46.9532919],[7.4703754,46.9533241],[7.4704343,46.9533382]],[[7.4704343,46.9533382],[7.4705497,46.9533676]],[[7.4705497,46.9533676],[7.4707931,46.9534205]],[[7.4707931,46.9534205],[7.4708436,46.9534299],[7.4710148,46.95346],[7.4712375,46.953494],[7.471428,46.9535212],[7.4714995,46.9535295],[7.4715767,46.9535379]],[[7.4715767,46.9535379],[7.4718065,46.9535649],[7.4728818,46.9537132],[7.4732153,46.9537618],[7.4736164,46.9538184],[7.4737111,46.9538315],[7.4745002,46.9539444],[7.4758255,46.9541345],[7.4762607,46.954197],[7.4764155,46.9542197],[7.4765306,46.9542379],[7.4766319,46.954256],[7.476775,46.9542823],[7.4768701,46.9542979],[7.4769918,46.9543169]],[[7.4771167,46.9543619],[7.4769918,46.9543169]],[[7.4769918,46.9543169],[7.4771473,46.9543061]],[[7.4665684,46.9523485],[7.4666392,46.952147]],[[7.46646,46.9523787],[7.4664846,46.9523028]],[[7.4669347,46.9524109],[7.4665684,46.9523485],[7.4664854,46.9523825],[7.46646,46.9523787],[7.4664375,46.9524483]],[[7.4668935,46.952519],[7.4669347,46.9524109],[7.467052,46.9524283],[7.4670822,46.952432],[7.4672386,46.9524546],[7.4674743,46.9525115],[7.4679636,46.9526333],[7.468429,46.9527466],[7.4686669,46.9528077],[7.4688993,46.9528609],[7.469395,46.9529748],[7.4697624,46.9530599],[7.4698012,46.9530122]]]}},{"type":"Feature","id":318598,"properties":{"name":"Nussbaumstrasse","wikidata":null,"gender":null,"source":null,"details":null},"geometry":{"type":"MultiLineString","coordinates":[[[7.4677992,46.9550203],[7.4678044,46.9549386],[7.4678086,46.9549217],[7.4678188,46.954905],[7.4679264,46.9547764],[7.4682018,46.9544476],[7.468218,46.9544337],[7.4682368,46.9544224],[7.4683373,46.9543777]],[[7.4683373,46.9543777],[7.468332,46.9544595],[7.4683265,46.9544766],[7.4683177,46.9544931],[7.4679347,46.9549506],[7.4679194,46.9549647],[7.4679002,46.9549755],[7.4677992,46.9550203]],[[7.4683373,46.9543777],[7.4683526,46.9543594],[7.4686489,46.9540056]],[[7.4686489,46.9540056],[7.4686497,46.9539955],[7.4686545,46.9539231],[7.4686592,46.953906],[7.4686688,46.95389],[7.4689565,46.9535464],[7.4691031,46.953372]],[[7.4692143,46.9534199],[7.4690238,46.9536498],[7.4687844,46.9539359],[7.4687692,46.9539497],[7.4687499,46.9539608],[7.4686489,46.9540056]],[[7.4693762,46.9532262],[7.4692143,46.9534199],[7.4691031,46.953372],[7.4690797,46.9533623],[7.4688496,46.9532676]]]}},{"type":"Feature","id":324240,"properties":{"name":"Rosenbergstrasse","wikidata":null,"gender":null,"source":null,"details":null},"geometry":{"type":"MultiLineString","coordinates":[[[7.4635178,46.9491563],[7.4634892,46.9491834],[7.4632839,46.9493983],[7.4632317,46.9494467],[7.4632223,46.9494555],[7.4631688,46.9494953],[7.4631269,46.9495242],[7.4630653,46.9495594],[7.462865,46.949669],[7.4627827,46.9497203],[7.462729,46.949758],[7.4626812,46.9497991],[7.462615,46.9498673],[7.4625987,46.9498842],[7.4625949,46.9498926],[7.4625957,46.9499024],[7.4626011,46.9499113],[7.4626095,46.9499169],[7.4631723,46.9501646],[7.4632843,46.9502063],[7.4633549,46.9502353]]]}},{"type":"Feature","id":326841,"properties":{"name":"Bridelstrasse","wikidata":null,"gender":"M","source":"wikidata","details":{"wikidata":"Q22261106","person":true,"gender":"M","labels":{"en":{"language":"en","value":"Gustave Bridel"},"de":{"language":"de","value":"Gustave Bridel"}},"descriptions":{"en":{"language":"en","value":"(1827-1884)"},"de":{"language":"de","value":"Schweizer Ingenieur"}},"nicknames":[],"birth":1827,"death":1884,"sitelinks":{"dewiki":{"site":"dewiki","title":"Gustave Bridel","badges":[],"url":"https:\/\/de.wikipedia.org\/wiki\/Gustave_Bridel"}},"image":"Gustave Bridel Photo1880.JPG"}},"geometry":{"type":"MultiLineString","coordinates":[[[7.4190516,46.9402644],[7.4197596,46.940077],[7.4204914,46.9398781],[7.4205559,46.9398604],[7.4206265,46.9398411],[7.4208321,46.9397847],[7.4214754,46.9396082]],[[7.4214754,46.9396082],[7.4216645,46.9395563]],[[7.4216645,46.9395563],[7.4221574,46.9394212]],[[7.4221574,46.9394212],[7.4222032,46.9394086],[7.4223473,46.9393699],[7.4224206,46.93935]],[[7.4224206,46.93935],[7.4229618,46.9392028]],[[7.4229618,46.9392028],[7.4230542,46.9391777],[7.4232888,46.9391315]],[[7.4232888,46.9391315],[7.4234904,46.939101],[7.4236814,46.9390762],[7.4238115,46.9390635]],[[7.4238115,46.9390635],[7.4239615,46.9390489],[7.4242201,46.939022]],[[7.4242201,46.939022],[7.4244397,46.9389991]],[[7.4244397,46.9389991],[7.4245145,46.9389913],[7.4245843,46.9389842]]]}},{"type":"Feature","id":326842,"properties":{"name":"Raineggweg","wikidata":null,"gender":null,"source":null,"details":null},"geometry":{"type":"MultiLineString","coordinates":[[[7.4190516,46.9402644],[7.418692,46.939653],[7.4186774,46.9396207],[7.4186734,46.9396086],[7.4186657,46.9395849],[7.4186575,46.9395502],[7.4186555,46.9395202],[7.4186626,46.9394733]]]}},{"type":"Feature","id":326843,"properties":{"name":"Sonneggsteig","wikidata":null,"gender":null,"source":null,"details":null},"geometry":{"type":"MultiLineString","coordinates":[[[7.4195453,46.9397499],[7.4195247,46.939724],[7.4194467,46.9396267],[7.4192886,46.9393883]]]}},{"type":"Feature","id":326844,"properties":{"name":"Dietlerstrasse","wikidata":null,"gender":null,"source":null,"details":null},"geometry":{"type":"MultiLineString","coordinates":[[[7.4230542,46.9391777],[7.4229348,46.9389699],[7.4222293,46.9391589],[7.4220773,46.9391997],[7.4213098,46.939407]],[[7.4213098,46.939407],[7.4205068,46.939626],[7.4203713,46.9396644],[7.4196393,46.9398691]]]}},{"type":"Feature","id":326845,"properties":{"name":"Brunnmattstrasse","wikidata":null,"gender":null,"source":null,"details":null},"geometry":{"type":"MultiLineString","coordinates":[[[7.4208811,46.9388859],[7.4211015,46.9391537]],[[7.4211015,46.9391537],[7.4213098,46.939407]],[[7.4213098,46.939407],[7.4213985,46.9395148],[7.4214754,46.9396082]],[[7.4214754,46.9396082],[7.4215959,46.9397547],[7.4216488,46.939819]],[[7.4216488,46.939819],[7.4217159,46.9399006]],[[7.4217159,46.9399006],[7.4218196,46.9400323],[7.4219084,46.9401406],[7.4219218,46.9401547],[7.4219456,46.9401812],[7.4219556,46.9401919]],[[7.4218899,46.9402317],[7.4219002,46.9402416],[7.4219242,46.9402657],[7.4219398,46.9402809],[7.4219533,46.9402936],[7.4219759,46.9403106],[7.4220524,46.940355],[7.4227608,46.9406661],[7.422833,46.9407002],[7.4231476,46.9408433],[7.4232782,46.9408955],[7.4234223,46.9409444]],[[7.4250958,46.9417773],[7.4247399,46.9417196],[7.4246675,46.9416962],[7.4245824,46.9416585],[7.4245055,46.9416097],[7.4244402,46.9415598],[7.4240086,46.9412474],[7.4239141,46.9411795],[7.4236296,46.9410193],[7.4236155,46.9410113],[7.4235451,46.9409784],[7.4234223,46.9409444]],[[7.4255578,46.941857],[7.4250958,46.9417773]]]}},{"type":"Feature","id":331653,"properties":{"name":"Alter Aargauerstalden","wikidata":null,"gender":null,"source":null,"details":null},"geometry":{"type":"MultiLineString","coordinates":[[[7.4617104,46.9517736],[7.4616444,46.9517541],[7.4615984,46.9517364],[7.4615576,46.9517116],[7.4615189,46.9516866],[7.461364,46.9515255],[7.4610796,46.9512298],[7.461036,46.951202],[7.4610161,46.9511822],[7.4609674,46.9511293],[7.4609413,46.9510908]]]}},{"type":"Feature","id":331659,"properties":{"name":"Reiterstrasse","wikidata":null,"gender":null,"source":null,"details":null},"geometry":{"type":"MultiLineString","coordinates":[[[7.4597991,46.9539964],[7.4598584,46.9539756],[7.4599281,46.9539509],[7.4600333,46.9539129],[7.4603551,46.9537977],[7.46043,46.9537705],[7.4605658,46.9537206],[7.4606975,46.9536687],[7.460738,46.9536518],[7.4608957,46.9535839],[7.4610047,46.953534],[7.4610391,46.953518],[7.4611072,46.9534847],[7.4611804,46.9534473],[7.4612607,46.9534051],[7.4613751,46.9533403],[7.4613769,46.9533392],[7.4614687,46.953282],[7.4615528,46.9532283],[7.4616411,46.9531668],[7.4617362,46.9530978],[7.461865,46.953002],[7.4619791,46.9529153],[7.4619925,46.9529021],[7.4620005,46.9528896],[7.462004,46.9528808],[7.4620062,46.9528715],[7.462004,46.9528584],[7.4619984,46.9528481],[7.4619908,46.9528396],[7.4619785,46.9528301],[7.4617301,46.9526405],[7.4617229,46.9526351],[7.4612509,46.9522917]],[[7.4610391,46.953518],[7.4610968,46.9535947],[7.4612198,46.9537581],[7.4615315,46.9541674],[7.4615459,46.9541863],[7.4615513,46.954197],[7.4615538,46.9542102],[7.461553,46.9542205],[7.4615476,46.9542331],[7.4615375,46.954245],[7.4615263,46.9542566],[7.4615088,46.9542686],[7.4614937,46.954277],[7.4614805,46.9542831],[7.461458,46.954293],[7.4612968,46.9543588],[7.4610859,46.954446],[7.4608849,46.9545385],[7.4604454,46.954717],[7.4604295,46.9547237],[7.4603719,46.9547484]]]}},{"type":"Feature","id":331660,"properties":{"name":"Papierm\u00fchlestrasse","wikidata":null,"gender":null,"source":null,"details":null},"geometry":{"type":"MultiLineString","coordinates":[[[7.4661502,46.9623139],[7.466112,46.9622644],[7.4660767,46.9622186],[7.465708,46.9617317],[7.4656711,46.9616829]],[[7.4669252,46.9633485],[7.4668616,46.9632529],[7.4668143,46.9631882],[7.4661502,46.9623139]],[[7.4676283,46.9642482],[7.4673503,46.9638833],[7.4670895,46.9635397],[7.4670112,46.9634458],[7.4669252,46.9633485]],[[7.4679752,46.9647091],[7.4678157,46.9644972],[7.4676283,46.9642482]],[[7.4680313,46.9647828],[7.4679752,46.9647091]],[[7.4633155,46.9585943],[7.4632936,46.9585659],[7.4630975,46.9583199],[7.4629479,46.9581206],[7.4628563,46.9580041],[7.4627952,46.9579203],[7.4627622,46.9578776],[7.4624443,46.9574638],[7.4622474,46.9572034],[7.4621458,46.9570695],[7.4618714,46.9567118],[7.4615316,46.9562695],[7.4614462,46.9561607],[7.4613667,46.9560536],[7.4611864,46.9558124],[7.4610652,46.9556559],[7.4605914,46.9550352],[7.4605319,46.9549575],[7.4604796,46.9548891],[7.4604409,46.9548386],[7.4603973,46.9547816],[7.4603719,46.9547484]],[[7.4635793,46.9589381],[7.4633155,46.9585943]],[[7.4636917,46.9590837],[7.4636373,46.9590137],[7.4635793,46.9589381]],[[7.4637824,46.959202],[7.4637348,46.9591408],[7.4636991,46.9590935],[7.4636917,46.9590837]],[[7.4638366,46.9592732],[7.4638171,46.9592476],[7.4637958,46.9592199],[7.4637824,46.959202]],[[7.463844,46.9592827],[7.4638366,46.9592732]],[[7.4638923,46.959346],[7.4638876,46.9593401],[7.4638793,46.9593293],[7.4638535,46.9592952],[7.463844,46.9592827]],[[7.4640256,46.9595214],[7.4639321,46.9593985],[7.4638941,46.9593478],[7.4638923,46.959346]],[[7.464109,46.9596308],[7.4640402,46.9595405],[7.4640256,46.9595214]],[[7.4644443,46.9600872],[7.464109,46.9596308]],[[7.464738,46.9604616],[7.4644443,46.9600872]],[[7.4651816,46.9610472],[7.4651657,46.9610267],[7.464738,46.9604616]],[[7.4656711,46.9616829],[7.4654629,46.9614103],[7.4651816,46.9610472]],[[7.4603719,46.9547484],[7.4600968,46.9543908],[7.4597991,46.9539964],[7.4597143,46.9538946]],[[7.4597143,46.9538946],[7.4596339,46.9537924],[7.4593746,46.9534488],[7.4593329,46.9533951],[7.45929,46.9533374]]]}},{"type":"Feature","id":331661,"properties":{"name":"Guisanplatz","wikidata":null,"gender":"M","source":"wikidata","details":{"wikidata":"Q123497","person":true,"gender":"M","labels":{"en":{"language":"en","value":"Henri Guisan"},"de":{"language":"de","value":"Henri Guisan"}},"descriptions":{"en":{"language":"en","value":"Swiss general (1874-1960)"},"de":{"language":"de","value":"General der Schweizer Armee w\u00e4hrend des Zweiten Weltkriegs"}},"nicknames":[],"birth":1874,"death":1960,"sitelinks":{"enwiki":{"site":"enwiki","title":"Henri Guisan","badges":[],"url":"https:\/\/en.wikipedia.org\/wiki\/Henri_Guisan"},"dewiki":{"site":"dewiki","title":"Henri Guisan","badges":[],"url":"https:\/\/de.wikipedia.org\/wiki\/Henri_Guisan"}},"image":"Guisan Visp 1942 D2.8916.jpg"}},"geometry":{"type":"MultiLineString","coordinates":[[[7.4637824,46.959202],[7.4638651,46.9591716],[7.4638814,46.9591656]],[[7.4638814,46.9591656],[7.4638909,46.959162],[7.463911,46.9591547],[7.463956,46.9591381],[7.4641039,46.9590868],[7.4641507,46.9590711],[7.4641923,46.9590536],[7.4642282,46.959035],[7.4643723,46.9589607],[7.4645747,46.9588476],[7.4645892,46.9588393],[7.4646587,46.9587996]],[[7.4642483,46.9591121],[7.4641611,46.9591587],[7.4641165,46.9591819],[7.4640683,46.9592043],[7.4640249,46.9592224],[7.4639771,46.9592398],[7.4639375,46.9592536],[7.4639228,46.9592584],[7.4638488,46.9592812],[7.463844,46.9592827]],[[7.4647198,46.9588503],[7.4645588,46.9589421]],[[7.4645588,46.9589421],[7.4644188,46.9590214],[7.4642483,46.9591121]],[[7.4642483,46.9591121],[7.4640945,46.9592505],[7.4640817,46.9592615],[7.4640525,46.9592913],[7.4640437,46.9593032],[7.4640285,46.9593282],[7.4640166,46.9593538],[7.4640159,46.9593555],[7.4640071,46.9593777],[7.4640005,46.9594079],[7.4639989,46.9594296],[7.4640008,46.9594577],[7.4640063,46.9594793],[7.4640151,46.9594995],[7.4640256,46.9595214]]]}},{"type":"Feature","id":331662,"properties":{"name":"Mingerstrasse","wikidata":null,"gender":null,"source":null,"details":null},"geometry":{"type":"MultiLineString","coordinates":[[[7.4663572,46.9575666],[7.4667652,46.9572213],[7.4671244,46.9569029],[7.4672796,46.9567553],[7.4675324,46.9565293],[7.4675828,46.9564843],[7.4676055,46.9564659]],[[7.4659005,46.9579409],[7.4659401,46.9579082],[7.4660251,46.9578398],[7.4661735,46.9577205],[7.4663572,46.9575666]],[[7.4658448,46.9579875],[7.4659005,46.9579409]],[[7.4655304,46.9581977],[7.4655913,46.9581496],[7.4656638,46.9580928],[7.4658448,46.9579875]],[[7.4646587,46.9587996],[7.4647997,46.9587188],[7.4648819,46.9586698],[7.4649614,46.9586206],[7.4650247,46.958579],[7.4652206,46.9584361],[7.4653255,46.9583565],[7.4654307,46.9582759],[7.4655304,46.9581977]],[[7.4658448,46.9579875],[7.465737,46.9581224],[7.4656546,46.9581858],[7.4652453,46.9585008],[7.4651132,46.9585985],[7.4650786,46.9586248],[7.4650249,46.9586634],[7.4649377,46.9587215],[7.4648839,46.9587564],[7.4648235,46.9587917],[7.4647198,46.9588503]]]}},{"type":"Feature","id":1075667,"properties":{"name":"Alpeneggstrasse","wikidata":null,"gender":null,"source":null,"details":null},"geometry":null},{"type":"Feature","id":1299545,"properties":{"name":"Gasstrasse","wikidata":null,"gender":null,"source":null,"details":null},"geometry":{"type":"MultiLineString","coordinates":[[[7.4448785,46.9448393],[7.4448371,46.9448925],[7.4445461,46.9451326],[7.4445301,46.9451458],[7.4442769,46.9453547],[7.4441778,46.9454682]]]}},{"type":"Feature","id":1299547,"properties":{"name":"Weihergasse","wikidata":null,"gender":null,"source":null,"details":null},"geometry":{"type":"MultiLineString","coordinates":[[[7.4448765,46.9455524],[7.4451371,46.9455353],[7.4453794,46.9455178],[7.4454355,46.9455127],[7.4454858,46.9455081],[7.4455282,46.9454984],[7.4455629,46.9454873],[7.4456062,46.9454644],[7.4456207,46.9454556],[7.4456592,46.94543]],[[7.4441778,46.9454682],[7.4443284,46.9455207],[7.4443798,46.9455366],[7.4444085,46.9455411],[7.4444326,46.9455436],[7.4447328,46.9455582],[7.4447631,46.945559],[7.4447943,46.9455582],[7.4448765,46.9455524]],[[7.4441778,46.9454682],[7.444062,46.9454268],[7.4435025,46.9452034]],[[7.4435025,46.9452034],[7.4434424,46.9451778],[7.4431227,46.9449957]]]}},{"type":"Feature","id":1299548,"properties":{"name":"Br\u00fcckenstrasse","wikidata":null,"gender":null,"source":null,"details":null},"geometry":{"type":"MultiLineString","coordinates":[[[7.4448231,46.944799],[7.4446875,46.9447572]],[[7.4446875,46.9447572],[7.4439676,46.9446922],[7.4438259,46.944679],[7.4434701,46.944646],[7.4434509,46.9446437],[7.4434146,46.9446383],[7.4433884,46.9446335],[7.4433556,46.9446267],[7.4433043,46.9446154]]]}},{"type":"Feature","id":1299551,"properties":{"name":"Erlenweg","wikidata":null,"gender":null,"source":null,"details":null},"geometry":{"type":"MultiLineString","coordinates":[[[7.4428012,46.9427075],[7.4427767,46.9426782],[7.4425863,46.9424408],[7.4423723,46.9421759]],[[7.4415504,46.9424986],[7.4415811,46.9425287],[7.4420336,46.9429723],[7.4420588,46.942997]],[[7.441791,46.9431357],[7.4417666,46.9431136],[7.4417601,46.9431078],[7.4414935,46.9428659],[7.4412822,46.9426743],[7.4412726,46.9426656]],[[7.4412424,46.9434209],[7.4412744,46.9434038],[7.4417521,46.9431556],[7.441791,46.9431357]],[[7.441791,46.9431357],[7.4420378,46.9430065],[7.4420588,46.942997],[7.4420996,46.9429784],[7.4421295,46.9429672],[7.4424673,46.9428389],[7.4428012,46.9427075],[7.4428716,46.9426833],[7.4432197,46.9425977],[7.4432846,46.9425818]]]}},{"type":"Feature","id":1361550,"properties":{"name":"Lagerhausweg","wikidata":null,"gender":null,"source":null,"details":null},"geometry":{"type":"MultiLineString","coordinates":[[[7.388976,46.9345477],[7.3890303,46.934512],[7.3893876,46.934269],[7.3894122,46.934259],[7.3894404,46.9342553],[7.3894711,46.934255],[7.3894997,46.9342584],[7.3895275,46.9342644],[7.3895554,46.9342752],[7.3902438,46.9347057],[7.3914255,46.9353661]],[[7.3914255,46.9353661],[7.3924512,46.935989],[7.3927474,46.9361512]],[[7.3927474,46.9361512],[7.3933196,46.936478],[7.3933673,46.9365058]],[[7.3933673,46.9365058],[7.3940583,46.9369206],[7.3942778,46.9370577],[7.3943179,46.9370827],[7.3948957,46.9374435]]]}},{"type":"Feature","id":1364765,"properties":{"name":"Statthalterstrasse","wikidata":null,"gender":null,"source":null,"details":null},"geometry":{"type":"MultiLineString","coordinates":[[[7.3894679,46.937977],[7.3895952,46.9381599],[7.3898143,46.9384748],[7.3898197,46.9384927],[7.3898176,46.938509],[7.3898067,46.938526],[7.3897906,46.938539],[7.3891947,46.9388371],[7.3888701,46.9389995],[7.3888235,46.9390229]],[[7.3875343,46.9384528],[7.3875029,46.9384165],[7.3870929,46.9379367],[7.3867579,46.9375417]],[[7.3895785,46.9372146],[7.3896074,46.9372586],[7.3897712,46.9375074],[7.3899757,46.9378179],[7.3900035,46.9378606]],[[7.3908617,46.9376887],[7.3907071,46.9377197],[7.3904336,46.9377745],[7.3900035,46.9378606],[7.3894679,46.937977],[7.3882718,46.9382176],[7.3881331,46.93825],[7.3880001,46.9382818],[7.3878735,46.9383252],[7.3877118,46.938381],[7.3875343,46.9384528],[7.3874056,46.9385142],[7.387176,46.938638],[7.3865919,46.9389578],[7.3864218,46.9390538],[7.3863327,46.9391007],[7.3862189,46.9391566],[7.3860958,46.9392111],[7.3859899,46.939255],[7.3859068,46.9392865],[7.3858326,46.9393127],[7.3857316,46.9393483],[7.3856796,46.9393705],[7.3856488,46.9393924],[7.3856241,46.939421]]]}},{"type":"Feature","id":1364766,"properties":{"name":"Obermattstrasse","wikidata":null,"gender":null,"source":null,"details":null},"geometry":{"type":"MultiLineString","coordinates":[[[7.3895785,46.9372146],[7.3894736,46.9372594],[7.3894314,46.9372774],[7.3893093,46.9373296],[7.3892471,46.9373561],[7.3889928,46.9374648],[7.3887809,46.9375554],[7.3887364,46.9375758],[7.3879644,46.9379298],[7.3879014,46.9379573]],[[7.3903038,46.9368803],[7.3902311,46.9369181],[7.3901712,46.9369453],[7.3899343,46.9370529],[7.3895785,46.9372146]]]}},{"type":"Feature","id":1376718,"properties":{"name":"M\u00e4dergutstrasse","wikidata":null,"gender":null,"source":null,"details":null},"geometry":{"type":"MultiLineString","coordinates":[[[7.385971,46.9378326],[7.3859243,46.9377767],[7.3858539,46.9376914],[7.3855695,46.9373517],[7.385499,46.9372673],[7.3854609,46.9372217],[7.3849871,46.9366543],[7.3848546,46.9364956],[7.3848309,46.9364768],[7.384803,46.9364645],[7.3847736,46.9364571],[7.384741,46.9364542],[7.3846989,46.9364556],[7.3846613,46.9364595],[7.3846282,46.9364668],[7.3845995,46.9364308],[7.3845932,46.936416],[7.3845934,46.9364006],[7.3846001,46.936386],[7.3846127,46.9363732],[7.3846301,46.9363635],[7.384651,46.9363576],[7.3846734,46.9363561],[7.3846955,46.9363591],[7.3847154,46.9363663],[7.3847314,46.9363772],[7.384742,46.9363905],[7.3847466,46.9364053],[7.384741,46.9364542]],[[7.3873178,46.9372901],[7.387285,46.9372804],[7.3872556,46.9372757],[7.3872219,46.937273],[7.3871895,46.9372721],[7.3871559,46.9372744],[7.3871243,46.9372794],[7.387095,46.9372882],[7.3870609,46.9373026],[7.3870383,46.9373136],[7.3866458,46.9375041],[7.3865038,46.937573],[7.3864721,46.9375885],[7.3860287,46.9378057],[7.385971,46.9378326],[7.3855404,46.9380373],[7.3854638,46.9380737],[7.385405,46.9381024],[7.3853216,46.9381431],[7.3848289,46.9383799],[7.3848071,46.9383874],[7.3847855,46.9383934],[7.3847514,46.938399],[7.3847177,46.9384014],[7.3846804,46.9384],[7.3846465,46.9383966],[7.3846141,46.9383915],[7.3845836,46.938383],[7.3845526,46.9383722],[7.3840787,46.9381457],[7.3837819,46.9380189],[7.3835687,46.9379394],[7.3832845,46.9378416],[7.3830735,46.93778],[7.38294,46.9377425],[7.3828086,46.9377087],[7.3826348,46.937664],[7.3823604,46.9375249]]]}},{"type":"Feature","id":1376719,"properties":{"name":"Kleefeldstrasse","wikidata":null,"gender":null,"source":null,"details":null},"geometry":{"type":"MultiLineString","coordinates":[[[7.3854638,46.9380737],[7.3855234,46.9381165],[7.3857792,46.9383064],[7.3860508,46.9385091],[7.3863082,46.9387226],[7.3863384,46.9387476],[7.3865071,46.9388876],[7.3865919,46.9389578]]]}},{"type":"Feature","id":1376720,"properties":{"name":"Br\u00fcnnackerstrasse","wikidata":null,"gender":null,"source":null,"details":null},"geometry":{"type":"MultiLineString","coordinates":[[[7.3859899,46.939255],[7.3859403,46.9392253],[7.3856457,46.9390566],[7.3856302,46.9390474],[7.3856096,46.9390374],[7.3855776,46.9390268],[7.3855528,46.9390201],[7.3855321,46.9390162],[7.3855042,46.9390133],[7.3854738,46.939012],[7.3852144,46.9390164],[7.3851275,46.939014],[7.3850741,46.9390126],[7.3849458,46.9390029],[7.3847878,46.9389846],[7.3847068,46.9389727],[7.3846708,46.9389662],[7.3846007,46.9389544],[7.3844482,46.9389288],[7.3843844,46.9389144],[7.3840728,46.9388238],[7.3837055,46.9386919],[7.3835267,46.9386225],[7.3834355,46.9385842],[7.3832217,46.9384815],[7.3831199,46.9384304],[7.3831032,46.9384285],[7.3830873,46.9384355],[7.382861,46.938619],[7.3828308,46.9386431],[7.3828177,46.9386535]]]}},{"type":"Feature","id":1376735,"properties":{"name":"Glockenstrasse","wikidata":null,"gender":null,"source":null,"details":null},"geometry":{"type":"MultiLineString","coordinates":[[[7.3897488,46.9395734],[7.3897786,46.9395513],[7.3898321,46.9395109],[7.3898769,46.9394814],[7.3901117,46.9393516]],[[7.3901117,46.9393516],[7.3902141,46.939295],[7.3903656,46.9392112],[7.3904435,46.9391834]],[[7.3904435,46.9391834],[7.3905129,46.939163],[7.3905793,46.9391444],[7.3906062,46.9391398],[7.3906289,46.9391388],[7.3906604,46.9391392],[7.3908394,46.939174],[7.3908948,46.9391881],[7.3909459,46.9392079],[7.3909883,46.9392287],[7.3910185,46.9392465],[7.3913098,46.939452]],[[7.3913098,46.939452],[7.3915748,46.9396389],[7.3915897,46.9396893]],[[7.3915897,46.9396893],[7.3916173,46.939783]],[[7.3916173,46.939783],[7.3917008,46.9399485],[7.391707,46.9399606],[7.3919362,46.9403839]],[[7.3919362,46.9403839],[7.3919938,46.9404903]],[[7.3919938,46.9404903],[7.3919029,46.9406181],[7.391888,46.940639],[7.3918771,46.9406548]],[[7.3919938,46.9404903],[7.392136,46.9404932],[7.3924901,46.9404229],[7.3929878,46.9403239],[7.3931817,46.9405296],[7.3932582,46.9406079],[7.3933002,46.9406545]]]}},{"type":"Feature","id":1376736,"properties":{"name":"Rehhagstrasse","wikidata":null,"gender":null,"source":null,"details":null},"geometry":{"type":"MultiLineString","coordinates":[[[7.3892042,46.9394458],[7.3891982,46.9394243],[7.3891894,46.9393944],[7.3891722,46.9393417],[7.3891648,46.9393279],[7.3891537,46.9393132],[7.3891052,46.9392661],[7.3888235,46.9390229],[7.3888123,46.9390129],[7.3887656,46.938971],[7.3887015,46.9389136],[7.3885936,46.9388148],[7.3885054,46.9387109],[7.3883719,46.9385486],[7.3883123,46.9384762],[7.388199,46.9383386],[7.3881331,46.93825],[7.388086,46.9381865],[7.3879014,46.9379573],[7.387687,46.9376897],[7.3873867,46.937336],[7.3873711,46.9373205],[7.3873547,46.9373073],[7.3873383,46.9372985],[7.3873178,46.9372901],[7.3872718,46.9372048],[7.3870778,46.9369756],[7.3869694,46.9368559],[7.3867735,46.9366202]],[[7.3867735,46.9366202],[7.3867181,46.9366009],[7.3866603,46.9365299],[7.3866272,46.9364319],[7.3863841,46.9361408],[7.3863479,46.9361211]],[[7.3863479,46.9361211],[7.3860699,46.9357917],[7.3860725,46.9357624],[7.3860775,46.9357071]]]}},{"type":"Feature","id":1378374,"properties":{"name":"Bernstrasse","wikidata":null,"gender":null,"source":null,"details":null},"geometry":{"type":"MultiLineString","coordinates":[[[7.3995479,46.942273],[7.399708,46.9422464],[7.3999072,46.9422151],[7.4001283,46.94218],[7.4004657,46.9421254],[7.4006049,46.9421049],[7.4006715,46.9420955]],[[7.3992851,46.9423254],[7.3993614,46.9423101],[7.3994074,46.9422999],[7.399476,46.9422862],[7.3995479,46.942273]],[[7.3980959,46.9423861],[7.3982233,46.9423951],[7.3983667,46.9424025],[7.3984802,46.9424061],[7.3985963,46.9424061],[7.398642,46.9424048],[7.3987071,46.9424024],[7.3988138,46.9423955],[7.3989301,46.9423831],[7.3990531,46.9423669],[7.3991492,46.9423516],[7.3992851,46.9423254]],[[7.3973978,46.9423121],[7.3976564,46.9423414],[7.3977668,46.9423549],[7.3978859,46.9423674],[7.3980959,46.9423861]],[[7.3964382,46.942251],[7.3964958,46.9422544],[7.3965352,46.9422557],[7.3967177,46.9422602],[7.3968382,46.9422657],[7.3969539,46.9422722],[7.3970239,46.9422767],[7.3970865,46.9422813],[7.3972051,46.9422919],[7.3973034,46.9423014],[7.3973978,46.9423121]],[[7.395899,46.9421654],[7.3960676,46.9422008],[7.3961459,46.9422167],[7.3961978,46.9422258],[7.3962657,46.9422359],[7.3963508,46.9422448],[7.3964382,46.942251]],[[7.3945604,46.9418729],[7.3950438,46.9419784],[7.3954117,46.9420595],[7.395899,46.9421654]],[[7.3941989,46.9417938],[7.3945604,46.9418729]],[[7.3927408,46.9414066],[7.3927686,46.9414212],[7.3928386,46.9414576],[7.3928816,46.9414781],[7.3929243,46.9414948],[7.3929703,46.9415094],[7.3930174,46.9415237],[7.39305,46.9415329],[7.3931129,46.94155],[7.3931655,46.9415627],[7.3932139,46.9415738],[7.393567,46.9416539],[7.3937441,46.9416935],[7.3939215,46.941733],[7.3941989,46.9417938]],[[7.3904412,46.9400882],[7.3904868,46.9401079],[7.3905343,46.9401276],[7.3906357,46.9401676],[7.3910604,46.9403318],[7.391563,46.9405308],[7.3917828,46.9406176],[7.3918771,46.9406548],[7.3919419,46.9406808],[7.392061,46.9407292],[7.3921581,46.9407747],[7.3922504,46.9408251]],[[7.3922504,46.9408251],[7.3923245,46.9408738],[7.392401,46.9409321],[7.3924363,46.9409655],[7.3924628,46.9409934],[7.392483,46.9410168],[7.3925007,46.9410396],[7.3925278,46.94108],[7.3925484,46.9411193],[7.392571,46.9411709],[7.3925858,46.9412046],[7.3926063,46.9412534],[7.3926149,46.9412737]],[[7.3964249,46.9417389],[7.3964038,46.9417864],[7.3962211,46.9421729],[7.3962079,46.9422017],[7.3961978,46.9422258]]]}},{"type":"Feature","id":1378375,"properties":{"name":"Glockenstrasse","wikidata":null,"gender":null,"source":null,"details":null},"geometry":null},{"type":"Feature","id":1379429,"properties":{"name":"Weidmattweg","wikidata":null,"gender":null,"source":null,"details":null},"geometry":{"type":"MultiLineString","coordinates":[[[7.3950223,46.936791],[7.3950668,46.936768],[7.3950851,46.9367584],[7.3960761,46.9362402],[7.3964703,46.9360395],[7.3966268,46.9360358]]]}},{"type":"Feature","id":1381463,"properties":{"name":"Baumgartenstrasse","wikidata":null,"gender":null,"source":null,"details":null},"geometry":{"type":"MultiLineString","coordinates":[[[7.3937389,46.9404494],[7.3941471,46.9408691],[7.3941819,46.9409066],[7.3942184,46.9409433],[7.3942313,46.9409561],[7.3943103,46.9410247],[7.394407,46.9410963],[7.3945319,46.9411783],[7.3946769,46.9412629],[7.3947906,46.9413197],[7.3949102,46.941372],[7.3950536,46.9414263],[7.3951992,46.9414737],[7.3953387,46.9415071],[7.3959806,46.9416446],[7.3963519,46.9417234],[7.3964249,46.9417389],[7.3964596,46.9417418],[7.3964863,46.941741],[7.3965133,46.9417375],[7.3965335,46.9417331],[7.3965537,46.9417272],[7.3966698,46.9416667],[7.3967295,46.9416354],[7.3967819,46.9416081]]]}},{"type":"Feature","id":1381464,"properties":{"name":"Frankenstrasse","wikidata":null,"gender":null,"source":null,"details":null},"geometry":{"type":"MultiLineString","coordinates":[[[7.3941105,46.940948],[7.3941819,46.9409066],[7.3942423,46.9408726],[7.3953949,46.9403606],[7.3954627,46.9403321],[7.3955257,46.9403062],[7.3959435,46.9401353],[7.3967578,46.9397928],[7.3968172,46.9397675]],[[7.3931897,46.9413648],[7.3933154,46.9413079],[7.393823,46.9410782],[7.3941105,46.940948]],[[7.3930174,46.9415237],[7.3930458,46.9414757],[7.3930685,46.9414478],[7.3930914,46.9414243],[7.3931203,46.9414018],[7.3931897,46.9413648]],[[7.396859,46.9398004],[7.3969058,46.93978],[7.3978707,46.9393601],[7.3980123,46.9392983],[7.3980405,46.9392857],[7.398072,46.9392708]]]}},{"type":"Feature","id":1381465,"properties":{"name":"Morgenstrasse","wikidata":null,"gender":null,"source":null,"details":null},"geometry":{"type":"MultiLineString","coordinates":[[[7.3973978,46.9423121],[7.3974015,46.9422724],[7.3974036,46.9422417],[7.397403,46.9422034],[7.3973951,46.9421633],[7.3973798,46.9421158],[7.3973683,46.9420905],[7.3973477,46.9420635],[7.3972813,46.942001],[7.3972028,46.9419374],[7.3967819,46.9416081],[7.3965434,46.9414159],[7.3965149,46.9413928],[7.3964493,46.9413353],[7.3963732,46.941266],[7.3962834,46.9411828],[7.3961416,46.9410399],[7.395917,46.9408015],[7.3956995,46.9405754],[7.3954627,46.9403321],[7.3953888,46.9402515],[7.3950594,46.9398984]],[[7.3950594,46.9398984],[7.3948348,46.939665],[7.3947883,46.9396175],[7.3947529,46.9395803],[7.3939575,46.9387567],[7.3939226,46.9387195],[7.3939004,46.9386957]],[[7.3938229,46.938609],[7.3937996,46.9385853],[7.39376,46.9385451],[7.3931692,46.9379234],[7.3930065,46.9377521],[7.3929226,46.9376638],[7.3927897,46.9375258],[7.3925557,46.9372997],[7.392411,46.9371777]]]}},{"type":"Feature","id":1381558,"properties":{"name":"Burgunderstrasse","wikidata":null,"gender":null,"source":null,"details":null},"geometry":{"type":"MultiLineString","coordinates":[[[7.3994074,46.9422999],[7.399401,46.9422857],[7.3993886,46.9422555],[7.3993195,46.9420997],[7.3993061,46.9420723],[7.3992668,46.9419918],[7.3991271,46.9417775],[7.3990015,46.9416163],[7.3988868,46.9414942],[7.3988733,46.9414815],[7.3984564,46.9411365],[7.3981344,46.9408684]],[[7.3981344,46.9408684],[7.3980457,46.9407946],[7.3980375,46.9407879],[7.3980083,46.9407635]],[[7.3980083,46.9407635],[7.3977749,46.9405704],[7.3977067,46.9405123],[7.397537,46.9403695],[7.3974348,46.9402803],[7.3973,46.9401689],[7.3970708,46.9399772],[7.3969333,46.9398651],[7.396859,46.9398004],[7.3968172,46.9397675]],[[7.3968172,46.9397675],[7.3967784,46.9397348],[7.3962371,46.9392784],[7.3961007,46.9391667],[7.396029,46.939108],[7.3959889,46.9390751],[7.3959209,46.939015],[7.3958633,46.9389676],[7.3957309,46.9388558],[7.3955368,46.9386919],[7.3955106,46.9386708],[7.3953769,46.938561],[7.3951691,46.9383863],[7.3949691,46.9382182],[7.3949222,46.9381775]]]}},{"type":"Feature","id":1385402,"properties":{"name":"Bahnh\u00f6heweg","wikidata":null,"gender":null,"source":null,"details":null},"geometry":{"type":"MultiLineString","coordinates":[[[7.401596,46.941557],[7.4014609,46.9414644],[7.4010809,46.941204],[7.4006961,46.9409402]],[[7.4006961,46.9409402],[7.3999667,46.9404586],[7.3994751,46.9401425],[7.3989751,46.9398365],[7.398072,46.9392708]],[[7.398072,46.9392708],[7.3980299,46.9392437],[7.3977396,46.9390534],[7.3973567,46.9388178],[7.3973012,46.9387842],[7.3971281,46.9386737],[7.3971195,46.9386682]],[[7.3971195,46.9386682],[7.3969405,46.9385564]],[[7.3969405,46.9385564],[7.3966432,46.9383726],[7.396353,46.9381905]],[[7.396353,46.9381905],[7.3962366,46.9381211],[7.395763,46.9378387],[7.3957117,46.9378075]]]}},{"type":"Feature","id":1385403,"properties":{"name":"Kirchackerweg","wikidata":null,"gender":null,"source":null,"details":null},"geometry":{"type":"MultiLineString","coordinates":[[[7.4007942,46.942042],[7.4007916,46.9420329],[7.4007849,46.9420095],[7.40078,46.941997],[7.400772,46.9419779],[7.4007469,46.9419181],[7.4006305,46.94164]],[[7.4006305,46.94164],[7.4004787,46.941349]],[[7.4014609,46.9414644],[7.4014006,46.941476],[7.4006305,46.94164]]]}},{"type":"Feature","id":1385404,"properties":{"name":"Benteliweg","wikidata":null,"gender":null,"source":null,"details":null},"geometry":{"type":"MultiLineString","coordinates":[[[7.4010809,46.941204],[7.4010227,46.9412188],[7.4004787,46.941349],[7.4001848,46.9414188]],[[7.4001848,46.9414188],[7.4000297,46.9414616],[7.3998681,46.9415106],[7.3995838,46.941613],[7.3991748,46.9417604],[7.3991271,46.9417775]]]}},{"type":"Feature","id":1386504,"properties":{"name":"Normannenstrasse","wikidata":null,"gender":null,"source":null,"details":null},"geometry":{"type":"MultiLineString","coordinates":[[[7.3926771,46.9455277],[7.3927317,46.9456414],[7.3928557,46.9458993],[7.3928839,46.9459372],[7.3929152,46.9459708],[7.3929594,46.9460038],[7.393002,46.9460299],[7.3930436,46.9460494],[7.3930922,46.9460672],[7.3931426,46.9460808],[7.3931897,46.9460885],[7.3932106,46.9460919],[7.3932654,46.946097],[7.3942176,46.9461432],[7.3948568,46.94617],[7.3954516,46.9461928],[7.3960898,46.9462241],[7.3961919,46.9462254],[7.396281,46.9462192],[7.3963743,46.9462053],[7.3964578,46.9461858],[7.3965066,46.9461724],[7.3965645,46.9461545],[7.3966249,46.9461322],[7.3966693,46.9461118],[7.3967096,46.9460893],[7.3969828,46.9459216],[7.3972829,46.9457323],[7.3974158,46.9456484],[7.3974983,46.9455896]]]}},{"type":"Feature","id":1386505,"properties":{"name":"Inderm\u00fchleweg","wikidata":null,"gender":null,"source":null,"details":null},"geometry":{"type":"MultiLineString","coordinates":[[[7.3941531,46.9431955],[7.3941087,46.9432112],[7.3937215,46.9433466],[7.393508,46.9434212],[7.3932935,46.9434958],[7.3930213,46.9435905],[7.3929567,46.9436129],[7.3926747,46.943711],[7.3924902,46.9437754],[7.3921942,46.9438787],[7.3921027,46.9439091],[7.3920458,46.9439282]]]}},{"type":"Feature","id":1387017,"properties":{"name":"Keltenstrasse","wikidata":null,"gender":null,"source":null,"details":null},"geometry":{"type":"MultiLineString","coordinates":[[[7.3952437,46.9440029],[7.3952153,46.9439822],[7.3951896,46.9439635],[7.3951208,46.9439142],[7.3949179,46.943761],[7.3947366,46.9436335],[7.3944365,46.9434082],[7.3942907,46.9433043],[7.3941531,46.9431955],[7.3939507,46.9430058],[7.3938191,46.9428512],[7.3937559,46.9427737],[7.3937115,46.9427194],[7.3936741,46.9426703],[7.3936162,46.9425897],[7.3935756,46.9425302],[7.3935464,46.942483],[7.3933291,46.9421151],[7.3932815,46.9420481],[7.3932426,46.9419917],[7.3931489,46.9418681],[7.3931333,46.9418483],[7.3930376,46.941727],[7.3930153,46.9416811],[7.393008,46.9416444],[7.3930067,46.9416195],[7.3930057,46.9415957],[7.3930091,46.9415611],[7.3930174,46.9415237]]]}},{"type":"Feature","id":1387018,"properties":{"name":"Alemannenstrasse","wikidata":null,"gender":null,"source":null,"details":null},"geometry":{"type":"MultiLineString","coordinates":[[[7.3937559,46.9427737],[7.3938227,46.9427551],[7.394306,46.9426262],[7.3946604,46.9425314],[7.3947357,46.942514],[7.3948132,46.9424982],[7.3949041,46.9424837],[7.3949926,46.9424722],[7.3950652,46.9424645],[7.3951352,46.9424596],[7.3951983,46.9424573],[7.3952622,46.9424574],[7.3953585,46.9424616],[7.395452,46.9424697],[7.3955361,46.9424787],[7.3956043,46.9424894],[7.3956585,46.9424997],[7.3956987,46.9425106],[7.395724,46.9425209],[7.3957388,46.9425282],[7.3957522,46.9425362],[7.3957603,46.9425428],[7.3957683,46.9425503],[7.3957799,46.9425623],[7.3957905,46.9425776],[7.3957977,46.9425918],[7.3957996,46.9426026],[7.3957999,46.9426128],[7.3957987,46.9426234],[7.3957971,46.9426344],[7.3957941,46.9426432],[7.3957902,46.9426527],[7.3957855,46.9426599],[7.3957774,46.9426702],[7.3957673,46.9426793],[7.3957568,46.9426861],[7.3954913,46.9428343],[7.3954207,46.9428737],[7.3951763,46.9430069],[7.3950953,46.9430511],[7.3948439,46.9431854],[7.3944844,46.9433813],[7.3944365,46.9434082]]]}},{"type":"Feature","id":1388003,"properties":{"name":"Br\u00fcnnenstrasse","wikidata":null,"gender":null,"source":null,"details":null},"geometry":{"type":"MultiLineString","coordinates":[[[7.3872733,46.9429541],[7.3873961,46.9429137],[7.3879698,46.9427328],[7.3885748,46.9425393],[7.3886321,46.9425214],[7.3889486,46.9424202],[7.3892039,46.9423406],[7.3900562,46.9420728]],[[7.3900562,46.9420728],[7.3905626,46.9419129],[7.3907359,46.941865]]]}},{"type":"Feature","id":1388004,"properties":{"name":"Myrtenweg","wikidata":null,"gender":null,"source":null,"details":null},"geometry":{"type":"MultiLineString","coordinates":[[[7.3868449,46.941554],[7.3868715,46.9415808],[7.3869697,46.9416819],[7.3874377,46.9421622],[7.3879027,46.942637],[7.3879353,46.9426712],[7.3879588,46.9426988],[7.3879698,46.9427328]],[[7.3879698,46.9427328],[7.3879849,46.9427677],[7.3891027,46.9438831]]]}},{"type":"Feature","id":1388005,"properties":{"name":"Heimstrasse","wikidata":null,"gender":null,"source":null,"details":null},"geometry":{"type":"MultiLineString","coordinates":[[[7.3872733,46.9429541],[7.3872361,46.9429163],[7.3869839,46.9426609],[7.3867189,46.9423925],[7.3865017,46.9421937],[7.3863243,46.9420441],[7.3861272,46.9419008],[7.386059,46.9418513],[7.3858998,46.9417391]],[[7.3858998,46.9417391],[7.3858404,46.9416948],[7.3850846,46.9411529],[7.3849482,46.9410497],[7.3848132,46.9409416],[7.3848014,46.9409282],[7.3847635,46.9408853],[7.3847261,46.9408355],[7.3846921,46.9407822],[7.3846497,46.940706],[7.3846073,46.9405868],[7.3845918,46.9405308],[7.3845894,46.9404895],[7.3845896,46.9404579],[7.3845949,46.940379],[7.3846106,46.940283],[7.3846399,46.9401863],[7.384676,46.9401169],[7.3847102,46.9400631],[7.3847622,46.9399975],[7.3848296,46.9399338],[7.3848839,46.939882],[7.3852364,46.9395683],[7.3852638,46.9395385],[7.3852904,46.9394952],[7.3853149,46.9394469],[7.3853288,46.9394136],[7.3853349,46.9393951]]]}},{"type":"Feature","id":1388006,"properties":{"name":"Olivenweg","wikidata":null,"gender":null,"source":null,"details":null},"geometry":{"type":"MultiLineString","coordinates":[[[7.386059,46.9418513],[7.3861257,46.9418194],[7.3863579,46.9417142],[7.3864649,46.9416719],[7.3865563,46.9416413],[7.3868449,46.941554],[7.3882351,46.9411395],[7.3882621,46.9411329],[7.388287,46.9411283],[7.3883107,46.9411245],[7.3883414,46.941122],[7.3883748,46.9411228]]]}},{"type":"Feature","id":1388678,"properties":{"name":"Grossackerstrasse","wikidata":null,"gender":null,"source":null,"details":null},"geometry":{"type":"MultiLineString","coordinates":[[[7.3812074,46.9398166],[7.3812655,46.9398281],[7.3824032,46.9400584],[7.3824549,46.9400689],[7.3828831,46.9401769],[7.3835718,46.9403826]],[[7.3835718,46.9403826],[7.3836318,46.9403979],[7.3837821,46.9404341],[7.3839337,46.9404658],[7.3840868,46.9404902],[7.3842428,46.9405105],[7.3843892,46.9405254],[7.3844602,46.9405291],[7.3845323,46.9405302],[7.3845918,46.9405308]]]}},{"type":"Feature","id":1388681,"properties":{"name":"Bottigenstrasse","wikidata":null,"gender":null,"source":null,"details":null},"geometry":{"type":"MultiLineString","coordinates":[[[7.3626979,46.9363957],[7.3625106,46.9363618],[7.3624574,46.9363519],[7.362379,46.9363385],[7.3622293,46.9363183]],[[7.3622293,46.9363183],[7.3621373,46.9363098],[7.3620659,46.9363046],[7.3619945,46.9363006],[7.3618272,46.9362955],[7.3616623,46.9362931],[7.3615313,46.9362926],[7.361407,46.9362943],[7.3613079,46.9362978],[7.3612155,46.936303],[7.3610924,46.9363132],[7.3610303,46.9363176],[7.3609639,46.9363209],[7.3608896,46.9363214],[7.3607931,46.9363186],[7.3607458,46.9363148],[7.3606901,46.9363078],[7.3606307,46.9362981],[7.3605761,46.9362883],[7.3604746,46.9362666],[7.3603079,46.9362336],[7.3602296,46.93622],[7.3601501,46.9362073],[7.3600776,46.9361958],[7.3599827,46.9361821],[7.3597865,46.9361584],[7.359639,46.9361457],[7.3594994,46.9361359],[7.3593573,46.936127],[7.3592108,46.9361191],[7.3591055,46.9361148],[7.3589909,46.936112],[7.3588765,46.9361106],[7.3587359,46.9361124],[7.3586291,46.9361134],[7.358508,46.9361129],[7.3583673,46.9361114],[7.3582356,46.9361067],[7.3580757,46.9360972],[7.3579114,46.9360863],[7.3578247,46.9360777],[7.3577341,46.9360645],[7.3575302,46.9360299],[7.3573249,46.9359921],[7.3571192,46.9359536],[7.3570192,46.9359361],[7.356929,46.9359181],[7.3568421,46.9358948],[7.3567495,46.9358641],[7.3566681,46.9358318],[7.3565908,46.9357992],[7.3565075,46.9357674]],[[7.3565075,46.9357674],[7.3564242,46.9357379],[7.3563456,46.9357147],[7.3562806,46.9357008],[7.3562258,46.9356924],[7.3561716,46.935686],[7.356112,46.9356815],[7.3560165,46.93568],[7.355914,46.93568],[7.3558081,46.9356803],[7.3555876,46.9356793]],[[7.3856241,46.939421],[7.3855509,46.9394118],[7.385508,46.9394075],[7.3854649,46.9394037],[7.3854018,46.939399],[7.3853349,46.9393951]],[[7.3853349,46.9393951],[7.3852422,46.9393887],[7.3851372,46.9393791]],[[7.3851372,46.9393791],[7.3850641,46.9393709],[7.38495,46.9393564],[7.3848451,46.9393404],[7.3847405,46.939324],[7.3846185,46.939302],[7.3845007,46.9392806],[7.3843961,46.9392599],[7.3842939,46.9392387],[7.3841693,46.9392098],[7.3840381,46.9391757],[7.3838823,46.9391308]],[[7.3838823,46.9391308],[7.3837146,46.9390749],[7.383624,46.939043],[7.3835399,46.9390115],[7.3834448,46.9389728],[7.3833531,46.9389333],[7.3832634,46.9388928],[7.3831629,46.9388429],[7.3830853,46.9388031],[7.3830135,46.9387644],[7.3828177,46.9386535],[7.3821154,46.9382552],[7.3820008,46.9381894],[7.3818538,46.9381076],[7.3817747,46.9380659],[7.381662,46.9380101],[7.3816056,46.9379852],[7.3815355,46.9379551],[7.3814632,46.9379254],[7.3813858,46.937897],[7.3813076,46.9378692]],[[7.3813076,46.9378692],[7.3812003,46.9378322]],[[7.3812003,46.9378322],[7.381138,46.9378121],[7.3810764,46.9377947],[7.3810117,46.9377778],[7.3809513,46.9377632],[7.3808853,46.937749],[7.3807792,46.9377279],[7.3806623,46.9377081],[7.3805441,46.9376932],[7.3804011,46.9376789],[7.38026,46.9376647]],[[7.38026,46.9376647],[7.3802358,46.9376624],[7.380217,46.93766],[7.3801552,46.9376537],[7.3800193,46.9376396],[7.3797972,46.9376164],[7.379767,46.9376131]],[[7.379767,46.9376131],[7.3797015,46.9376059],[7.3793112,46.9375622],[7.3791422,46.9375431],[7.3788385,46.9375084],[7.378532,46.9374731],[7.3784456,46.937463],[7.3782844,46.9374439],[7.3782109,46.9374345],[7.3781414,46.9374245],[7.3780586,46.937409],[7.3777554,46.937352],[7.3776079,46.9373245]],[[7.3776079,46.9373245],[7.3774765,46.9373001],[7.3773429,46.9372756],[7.3772319,46.9372575]],[[7.3772319,46.9372575],[7.3770766,46.937237],[7.3768566,46.9372122],[7.3766696,46.937195],[7.3764761,46.9371792],[7.3763426,46.9371722],[7.3762042,46.9371671],[7.3757837,46.9371513],[7.3756805,46.9371473],[7.375501,46.9371447],[7.3752854,46.9371448],[7.3751695,46.9371476],[7.3750571,46.9371534],[7.3749055,46.9371648],[7.3747741,46.9371776],[7.3746366,46.9371937],[7.3745074,46.9372127],[7.374375,46.9372363],[7.3742452,46.937261],[7.3739511,46.9373154],[7.3730689,46.9374765],[7.3728349,46.9375225],[7.3725882,46.9375738]],[[7.3725882,46.9375738],[7.3725109,46.9375899],[7.3723148,46.9376276],[7.3721861,46.9376516],[7.3720929,46.9376694],[7.3720204,46.9376824],[7.3719592,46.9376934],[7.3719195,46.9376995],[7.3718777,46.9377048],[7.3717825,46.9377141],[7.3717157,46.9377193]],[[7.3717157,46.9377193],[7.3716528,46.9377225],[7.3715848,46.9377249],[7.3715327,46.9377253],[7.3714783,46.9377246],[7.3714144,46.9377223],[7.3713563,46.9377196]],[[7.3713563,46.9377196],[7.3712664,46.9377121],[7.3711941,46.937704],[7.3710876,46.9376895],[7.370983,46.9376745],[7.370889,46.9376565],[7.370798,46.937638],[7.3706064,46.9375948],[7.3700037,46.9374504],[7.3697616,46.9373932],[7.3696563,46.9373665],[7.3695585,46.9373374],[7.3693717,46.9372787],[7.369252,46.9372439],[7.3691546,46.937218],[7.368991,46.93718]],[[7.368991,46.93718],[7.3688667,46.9371572],[7.3687577,46.937138],[7.3686584,46.9371243],[7.368539,46.9371085],[7.3683853,46.9370932],[7.3683147,46.9370887],[7.3682419,46.9370846],[7.3681579,46.9370817],[7.3680706,46.9370794],[7.367935,46.9370785],[7.3677574,46.9370797],[7.367584,46.9370803],[7.3674031,46.9370809],[7.3672645,46.9370812]],[[7.3672645,46.9370812],[7.3670262,46.937082],[7.3667884,46.9370822],[7.3665747,46.93708],[7.3664618,46.937077],[7.3663477,46.9370724],[7.3660364,46.9370571],[7.3659398,46.9370522],[7.3658441,46.9370457],[7.3657492,46.9370357],[7.3656543,46.9370228],[7.3654296,46.936986],[7.3653077,46.9369636],[7.3651912,46.9369418],[7.3650265,46.9369069],[7.3648715,46.9368725],[7.3634335,46.9365391],[7.3633105,46.9365122],[7.3631817,46.9364859],[7.3629154,46.9364347],[7.3626979,46.9363957]]]}},{"type":"Feature","id":1388682,"properties":{"name":"Waldmeisterstrasse","wikidata":null,"gender":null,"source":null,"details":null},"geometry":{"type":"MultiLineString","coordinates":[[[7.3814585,46.9391006],[7.3815218,46.9391115],[7.3820033,46.9391934],[7.3827875,46.9393462],[7.3828444,46.9393575]],[[7.3832634,46.9388928],[7.3832537,46.9389036],[7.3832217,46.9389368],[7.383048,46.9391235],[7.3828661,46.9393324],[7.3828444,46.9393575],[7.3827337,46.939498],[7.3826976,46.939564],[7.3825895,46.9397889],[7.3825135,46.9399522]],[[7.3825135,46.9399522],[7.3824731,46.9400326],[7.3824549,46.9400689],[7.3824004,46.9401874],[7.38232,46.940359],[7.3822627,46.9405082],[7.3822523,46.9405631],[7.3822447,46.9406359],[7.3822427,46.9406972],[7.3822438,46.9407222],[7.3822484,46.9407658],[7.3822558,46.9408101],[7.3822751,46.9408768],[7.3823245,46.9410116],[7.382329,46.9410237],[7.3824148,46.941242],[7.3824447,46.9413183]],[[7.3824447,46.9413183],[7.3825069,46.941477],[7.3825975,46.9417182],[7.3826573,46.9418609],[7.382674,46.941893],[7.3826902,46.941916],[7.3827164,46.9419443]]]}},{"type":"Feature","id":1400153,"properties":{"name":"Stapfenstrasse","wikidata":null,"gender":null,"source":null,"details":null},"geometry":{"type":"MultiLineString","coordinates":[[[7.388375,46.9440628],[7.3874013,46.9444035],[7.386736,46.9446309]],[[7.386736,46.9446309],[7.3865139,46.9447073],[7.3864752,46.9447201],[7.3864139,46.9447513],[7.3858204,46.9450526],[7.3857852,46.945064],[7.3857561,46.9450672]]]}},{"type":"Feature","id":1400155,"properties":{"name":"Stapfenackerstrasse","wikidata":null,"gender":null,"source":null,"details":null},"geometry":{"type":"MultiLineString","coordinates":[[[7.384704,46.9431526],[7.384895,46.9433206],[7.3849952,46.9434056],[7.3850852,46.9434863],[7.3853988,46.943748],[7.3854356,46.9437851]],[[7.384244,46.9427775],[7.3844783,46.9429655],[7.384704,46.9431526]],[[7.3850926,46.9422489],[7.3848526,46.9423988],[7.3842869,46.9427508],[7.384244,46.9427775]],[[7.3858998,46.9417391],[7.3858556,46.9417667],[7.3853123,46.9421118],[7.3852795,46.9421326],[7.3850926,46.9422489]],[[7.384895,46.9433206],[7.3848498,46.9433453],[7.3844322,46.9435826],[7.3842101,46.943691],[7.3841989,46.9436952],[7.3841869,46.9436987],[7.3841755,46.9437004],[7.3841649,46.9437017],[7.3841543,46.9437021],[7.384143,46.9437018],[7.3841318,46.9437006],[7.3841205,46.9436988],[7.3841099,46.9436965],[7.3841002,46.9436928],[7.3840911,46.9436883],[7.3835689,46.943251],[7.3835631,46.943244],[7.3835592,46.9432363],[7.383557,46.943228],[7.3835568,46.9432212],[7.3835581,46.9432128],[7.383562,46.9432052]],[[7.383562,46.9432052],[7.3835692,46.9431974],[7.3840904,46.9428753]],[[7.3840904,46.9428753],[7.3842002,46.9428054],[7.384244,46.9427775]]]}},{"type":"Feature","id":1400156,"properties":{"name":"Heimstrasse","wikidata":null,"gender":null,"source":null,"details":null},"geometry":{"type":"MultiLineString","coordinates":[[[7.388375,46.9440628],[7.3873121,46.9429931],[7.3872733,46.9429541]]]}},{"type":"Feature","id":1400157,"properties":{"name":"Br\u00fcnnenstrasse","wikidata":null,"gender":null,"source":null,"details":null},"geometry":{"type":"MultiLineString","coordinates":[[[7.3822989,46.9455181],[7.3823002,46.9455066],[7.3823052,46.9454938],[7.3823143,46.945482],[7.3823411,46.9454618],[7.382364,46.9454467],[7.3824066,46.9454214],[7.3824523,46.9453957],[7.3825115,46.9453661],[7.3825738,46.9453365],[7.382703,46.9452773],[7.3828005,46.9452353],[7.3828921,46.9451923],[7.382952,46.945162],[7.3830491,46.9451106]],[[7.3830491,46.9451106],[7.3831075,46.9450802],[7.3832509,46.9450011],[7.3835774,46.9448199]],[[7.3835774,46.9448199],[7.3836456,46.9447829],[7.3837091,46.9447472]],[[7.3837091,46.9447472],[7.3838353,46.9446762]],[[7.3838353,46.9446762],[7.3838895,46.9446457],[7.3841015,46.9445276]],[[7.3841015,46.9445276],[7.3841947,46.9444753],[7.3847156,46.9441852],[7.3853523,46.9438307],[7.3854356,46.9437851],[7.3855128,46.9437417],[7.3860996,46.9434152],[7.3862359,46.9433399],[7.386311,46.9432998],[7.3863539,46.9432781],[7.3864241,46.9432439],[7.3864976,46.9432139],[7.3866234,46.9431693],[7.3867526,46.9431246],[7.3867931,46.9431105],[7.3870094,46.9430394],[7.3872733,46.9429541]],[[7.3857561,46.9450672],[7.3857249,46.9450633],[7.3856952,46.9450539],[7.3854558,46.9448382],[7.3852112,46.9446233],[7.3851349,46.9445563],[7.3849518,46.9443956],[7.3849201,46.9443678],[7.3847446,46.9442137],[7.3847156,46.9441852]],[[7.3864752,46.9447201],[7.3862293,46.9444968],[7.3859586,46.9442488],[7.3857082,46.9440271],[7.3855162,46.9438615],[7.3854821,46.943832],[7.3854356,46.9437851]],[[7.3862293,46.9444968],[7.3862688,46.9444804],[7.3871053,46.9441308]],[[7.3859586,46.9442488],[7.3859915,46.9442348],[7.386828,46.9438753]],[[7.3857082,46.9440271],[7.3857435,46.9440098],[7.3865457,46.9436152]],[[7.3862359,46.9433399],[7.3862727,46.9433706],[7.3865236,46.9435954]],[[7.3865236,46.9435954],[7.3865457,46.9436152],[7.386828,46.9438753],[7.3871053,46.9441308],[7.3874013,46.9444035]]]}},{"type":"Feature","id":2193454,"properties":{"name":"Kehrgasse","wikidata":null,"gender":null,"source":null,"details":null},"geometry":null},{"type":"Feature","id":2745359,"properties":{"name":"Freieckweg","wikidata":null,"gender":null,"source":null,"details":null},"geometry":{"type":"MultiLineString","coordinates":[[[7.3885936,46.9388148],[7.3885418,46.9388312],[7.3882721,46.9389162],[7.3877832,46.9390701],[7.3875194,46.9391532],[7.3874018,46.9391902],[7.3871753,46.9392616],[7.3865639,46.9394501],[7.3865341,46.9394654],[7.3864955,46.9394987],[7.3864797,46.9395189],[7.3864645,46.939546]]]}},{"type":"Feature","id":2881051,"properties":{"name":"Habsburgstrasse","wikidata":null,"gender":null,"source":null,"details":null},"geometry":{"type":"MultiLineString","coordinates":[[[7.4596054,46.9430094],[7.4595363,46.9430046],[7.459427,46.9429692],[7.459415,46.942964],[7.459378,46.9429472],[7.4588265,46.9426677],[7.4581285,46.9423094],[7.4578725,46.9421801],[7.4576532,46.9420694]],[[7.4588265,46.9426677],[7.4586418,46.9428366]],[[7.4586418,46.9428366],[7.4584571,46.943011]],[[7.4582114,46.9428861],[7.4584571,46.943011],[7.4590797,46.9433282]]]}},{"type":"Feature","id":2956071,"properties":{"name":"Marienstrasse","wikidata":null,"gender":null,"source":null,"details":null},"geometry":{"type":"MultiLineString","coordinates":[[[7.4500848,46.9439037],[7.4498927,46.9438902]],[[7.4504968,46.9438847],[7.4504704,46.943886],[7.4500848,46.9439037]],[[7.4512709,46.9438533],[7.4511472,46.9438583],[7.4505919,46.9438808],[7.4504968,46.9438847]],[[7.4524687,46.9438046],[7.4519643,46.9438251],[7.4512709,46.9438533]],[[7.4546337,46.9436937],[7.4546026,46.943703],[7.4545667,46.9437106],[7.4545185,46.9437147],[7.4544657,46.9437178],[7.4543499,46.9437235],[7.4534591,46.9437629],[7.4528355,46.9437898],[7.4526033,46.9437991],[7.4524687,46.9438046]],[[7.4519643,46.9438251],[7.4519694,46.9438732],[7.4519709,46.9438913]],[[7.4519709,46.9438913],[7.4519854,46.9440632]],[[7.4512397,46.9441724],[7.4511659,46.944088],[7.4511545,46.9439522]],[[7.4511545,46.9439522],[7.4511507,46.9439071],[7.4511472,46.9438583]]]}},{"type":"Feature","id":2956072,"properties":{"name":"Jungfraustrasse","wikidata":null,"gender":null,"source":null,"details":null},"geometry":{"type":"MultiLineString","coordinates":[[[7.456369,46.9422812],[7.4562639,46.9423683],[7.4551974,46.943254],[7.4550586,46.9433708],[7.4547737,46.9436086],[7.4547451,46.9436322],[7.4547145,46.9436549],[7.4546904,46.9436689],[7.4546672,46.9436806],[7.4546337,46.9436937]],[[7.4583772,46.9407038],[7.4582511,46.9407407],[7.4582275,46.9407505],[7.4582069,46.9407604],[7.4581753,46.9407823],[7.4580564,46.9408807],[7.4576223,46.941241],[7.4575693,46.941285],[7.4573347,46.9414797],[7.4568892,46.9418494],[7.4564606,46.9422052],[7.456369,46.9422812]]]}},{"type":"Feature","id":2956078,"properties":{"name":"Dufourstrasse","wikidata":null,"gender":null,"source":null,"details":null},"geometry":{"type":"MultiLineString","coordinates":[[[7.4542053,46.9415401],[7.4541933,46.9415136],[7.4541825,46.9414897],[7.45405,46.9411943],[7.4540332,46.9411579],[7.4537843,46.9406187],[7.4536803,46.9403913],[7.4536502,46.9403252],[7.4536289,46.9402778]],[[7.4542053,46.9415401],[7.45422,46.9415701],[7.4543692,46.9418754],[7.4543992,46.9419395],[7.4544071,46.9419562]],[[7.4544071,46.9419562],[7.4544136,46.9419705],[7.4544438,46.9420344],[7.4545396,46.9422356],[7.4548311,46.9428516],[7.4548585,46.9429088],[7.4548757,46.9429481],[7.4549831,46.9431909],[7.4550093,46.9432461],[7.4550352,46.9433066],[7.4550431,46.9433295],[7.4550586,46.9433708]],[[7.4543038,46.9429507],[7.4542869,46.9429133],[7.453957,46.9422145],[7.4539253,46.9421517],[7.4539184,46.9421388]],[[7.45405,46.9411943],[7.4541146,46.9411799],[7.454464,46.9411015],[7.4544319,46.941047],[7.4542388,46.9406237]],[[7.454464,46.9411015],[7.4544828,46.9411231],[7.4545316,46.9412148],[7.4546588,46.9412264]],[[7.4546301,46.9410026],[7.4544319,46.941047]]]}},{"type":"Feature","id":2956080,"properties":{"name":"Luisenstrasse","wikidata":null,"gender":null,"source":null,"details":null},"geometry":{"type":"MultiLineString","coordinates":[[[7.452652,46.9430236],[7.4525507,46.9434652],[7.4524827,46.9437437],[7.4524742,46.9437805],[7.4524687,46.9438046]],[[7.4527523,46.9425709],[7.4527464,46.9425962],[7.4527325,46.9426663],[7.452652,46.9430236]],[[7.4530292,46.9413936],[7.4530207,46.9414326],[7.452779,46.9424651],[7.452758,46.9425471],[7.4527523,46.9425709]],[[7.4532904,46.9402663],[7.45327,46.9403738],[7.4530375,46.941358],[7.4530292,46.9413936]]]}},{"type":"Feature","id":2956724,"properties":{"name":"D\u00e4hlh\u00f6lzliweg","wikidata":null,"gender":null,"source":null,"details":null},"geometry":{"type":"MultiLineString","coordinates":[[[7.4555051,46.9415446],[7.4554962,46.9415338],[7.4554483,46.9414754],[7.4554051,46.941421],[7.4553158,46.941309],[7.4552916,46.9412781],[7.455281,46.9412612],[7.4552728,46.9412418],[7.4550843,46.940659],[7.4550793,46.9406326],[7.4550802,46.9406002],[7.4550976,46.9403948],[7.4550983,46.940384],[7.4551018,46.9403332]],[[7.4555051,46.9415446],[7.455518,46.9415608],[7.4555649,46.9416179],[7.4556162,46.941667],[7.456004,46.9419893],[7.4563139,46.9422392],[7.4563494,46.9422657],[7.456369,46.9422812]]]}},{"type":"Feature","id":2956732,"properties":{"name":"Justingerweg","wikidata":null,"gender":null,"source":null,"details":null},"geometry":{"type":"MultiLineString","coordinates":[[[7.4561852,46.9412929],[7.4561748,46.9412829],[7.4561185,46.9412268],[7.4559538,46.9410234],[7.4559436,46.9410078],[7.4559359,46.9409906],[7.4558425,46.9406845],[7.4558386,46.9406672],[7.4558361,46.9406304],[7.4558523,46.9404265],[7.4558528,46.9404199],[7.4558586,46.9403665]],[[7.4568892,46.9418494],[7.4568274,46.9418146],[7.4565512,46.9416587],[7.4565349,46.9416479],[7.4564099,46.9415464],[7.456394,46.9415301],[7.4563649,46.9414969],[7.4562567,46.941364],[7.4561999,46.9413071],[7.4561852,46.9412929]]]}},{"type":"Feature","id":2956736,"properties":{"name":"Hallwylstrasse","wikidata":null,"gender":null,"source":null,"details":null},"geometry":{"type":"MultiLineString","coordinates":[[[7.4507874,46.9411168],[7.4508896,46.9411293],[7.4511277,46.9411585],[7.4519239,46.941256],[7.4519851,46.9412635]],[[7.4519851,46.9412635],[7.4520477,46.9412708],[7.4529599,46.9413851],[7.4530292,46.9413936],[7.4531024,46.9414028],[7.4534926,46.9414515],[7.4538118,46.9414907],[7.4541239,46.941529],[7.4542053,46.9415401],[7.4543512,46.9415569],[7.4548921,46.9416269],[7.4549438,46.9416366],[7.4549887,46.9416485],[7.4550075,46.9416572],[7.4550325,46.9416688],[7.4550717,46.941691],[7.4550838,46.941699]]]}},{"type":"Feature","id":2956747,"properties":{"name":"Egelgasse","wikidata":null,"gender":null,"source":null,"details":null},"geometry":{"type":"MultiLineString","coordinates":[[[7.4654162,46.9458701],[7.4654498,46.9458415],[7.4659897,46.945442],[7.4661673,46.9453077],[7.4666449,46.9449594],[7.4666661,46.944945],[7.4668566,46.9448046]],[[7.4668566,46.9448046],[7.4669159,46.9447687],[7.4669722,46.9447376],[7.4671069,46.9446663],[7.4672098,46.944615],[7.467273,46.9445863],[7.4674171,46.9445233],[7.4674384,46.9445142],[7.4674604,46.9445057],[7.4678855,46.9443508],[7.4689796,46.9439444],[7.4690299,46.943925]],[[7.4695844,46.9437246],[7.4694511,46.9437704],[7.4690798,46.9439076],[7.4690299,46.943925]],[[7.4697958,46.9436462],[7.4696917,46.9436865],[7.4695844,46.9437246]]]}},{"type":"Feature","id":2956748,"properties":{"name":"Egelbergstrasse","wikidata":null,"gender":null,"source":null,"details":null},"geometry":{"type":"MultiLineString","coordinates":[[[7.4624983,46.94433],[7.4625486,46.9443572],[7.4625658,46.9443668],[7.4627813,46.9444871],[7.4631764,46.9447078],[7.4634386,46.9448561],[7.4636201,46.9449588],[7.4636716,46.9449876],[7.4638549,46.9450872],[7.4639692,46.9451492],[7.4640291,46.9451799],[7.4641836,46.9452576],[7.4642863,46.9453051],[7.4644537,46.945378],[7.4646006,46.945442],[7.4647491,46.945513],[7.4649203,46.9456001],[7.4650936,46.9456899],[7.4653378,46.9458262],[7.4654162,46.9458701]],[[7.4654162,46.9458701],[7.465501,46.9459173],[7.4657315,46.9460414],[7.4661777,46.9462749],[7.4662238,46.9462985],[7.4665684,46.946481],[7.4668627,46.9466299],[7.4670704,46.9467305],[7.4671226,46.9467588],[7.4671722,46.9467865],[7.4671903,46.9467991],[7.4672178,46.9468198],[7.4672412,46.9468391]]]}},{"type":"Feature","id":2956755,"properties":{"name":"Muristrasse","wikidata":null,"gender":null,"source":null,"details":null},"geometry":{"type":"MultiLineString","coordinates":[[[7.46595,46.9419864],[7.4659963,46.9419267],[7.4660204,46.941903],[7.4660434,46.9418809],[7.4660747,46.9418459],[7.466124,46.9417948]],[[7.4658267,46.9420723],[7.46595,46.9419864]],[[7.4653535,46.9424007],[7.4654762,46.9423169],[7.4656718,46.94218],[7.4658267,46.9420723]],[[7.4640497,46.943293],[7.4648309,46.9427548],[7.4649031,46.9427069],[7.4653535,46.9424007]],[[7.4638896,46.9433981],[7.4640497,46.943293]],[[7.4637298,46.9435033],[7.4638896,46.9433981]],[[7.4624983,46.94433],[7.4625604,46.9442915],[7.4626214,46.9442506],[7.4629989,46.9439986],[7.4633541,46.9437591],[7.4635287,46.9436393],[7.4636422,46.9435598],[7.4637033,46.9435204],[7.4637298,46.9435033]],[[7.4620835,46.9444418],[7.4621818,46.9444312],[7.4622551,46.9444204],[7.4623067,46.9444096],[7.4623678,46.9443919],[7.4624025,46.9443786],[7.4624332,46.9443644],[7.4624983,46.94433]],[[7.4614996,46.9444856],[7.4615943,46.9444795],[7.4617521,46.9444685],[7.4619928,46.9444499],[7.4620835,46.9444418]],[[7.4609649,46.9445233],[7.4611459,46.9445104],[7.4611773,46.9445083],[7.4614996,46.9444856]],[[7.4604497,46.9445593],[7.4605482,46.9445519],[7.4607669,46.9445364],[7.4609649,46.9445233]],[[7.4583056,46.9448304],[7.4583656,46.9447932],[7.4583932,46.9447781],[7.458424,46.944763],[7.4584847,46.9447383],[7.4585376,46.9447214],[7.4585884,46.9447092],[7.4586179,46.9447032],[7.4586444,46.9446992],[7.4586881,46.9446936],[7.4587363,46.9446885],[7.4588297,46.9446794],[7.4588728,46.9446762],[7.4590236,46.944665],[7.4591031,46.9446591],[7.4592173,46.9446512],[7.459261,46.9446481],[7.4595856,46.944625],[7.4600337,46.9445914],[7.4604497,46.9445593]]]}},{"type":"Feature","id":2956756,"properties":{"name":"Grosser Muristalden","wikidata":null,"gender":null,"source":null,"details":null},"geometry":{"type":"MultiLineString","coordinates":[[[7.4600358,46.9482781],[7.4600555,46.9482454],[7.4600683,46.9482255],[7.4600926,46.9481845],[7.4601028,46.9481662],[7.4601107,46.9481475],[7.4601186,46.948123],[7.4601232,46.9480939],[7.4601239,46.9480762],[7.4601227,46.9480387],[7.4601192,46.9480001],[7.4601094,46.9479349],[7.4600958,46.9478651],[7.4599303,46.9471641],[7.4598868,46.9469832],[7.4598392,46.9467819],[7.4597947,46.9466058],[7.4597767,46.9465503],[7.4597532,46.9464946],[7.4597223,46.9464315],[7.4597004,46.9463943],[7.4596748,46.9463556],[7.459636,46.9463045],[7.4595929,46.9462529],[7.4595495,46.9462024],[7.4595033,46.9461525],[7.459457,46.946103],[7.4594004,46.9460504],[7.4593501,46.9460063],[7.4592933,46.9459632],[7.459235,46.9459233],[7.4591427,46.9458688],[7.4590483,46.9458192],[7.4589557,46.9457769],[7.4588436,46.9457257],[7.4587863,46.9456986],[7.4587205,46.9456656],[7.4586535,46.9456321],[7.4585146,46.9455593],[7.4584463,46.945523],[7.4583814,46.9454868],[7.4583443,46.9454649],[7.4583092,46.9454431],[7.4582701,46.9454157],[7.4582365,46.9453886],[7.4582084,46.9453609],[7.4581827,46.9453297],[7.4581562,46.9452894],[7.4581374,46.9452479],[7.4581257,46.9452064],[7.4581189,46.9451651],[7.4581203,46.9451238],[7.4581274,46.9450811],[7.4581399,46.9450373],[7.4581569,46.9449982],[7.4581819,46.9449574],[7.4582139,46.9449148],[7.4582351,46.9448905],[7.4582554,46.9448689],[7.4582788,46.9448498],[7.4583056,46.9448304]],[[7.4592913,46.9484103],[7.4594686,46.9483976],[7.4595615,46.9483909],[7.4596395,46.948385],[7.4597405,46.9483752],[7.4598312,46.9483633],[7.4598805,46.9483557]]]}},{"type":"Feature","id":2956766,"properties":{"name":"Aargauerstalden","wikidata":null,"gender":null,"source":null,"details":null},"geometry":{"type":"MultiLineString","coordinates":[[[7.4600108,46.9483847],[7.4600438,46.9484093],[7.4600934,46.9484469],[7.4602417,46.9485521]],[[7.4602417,46.9485521],[7.4602937,46.9485902],[7.4603401,46.9486284],[7.4603641,46.9486523],[7.4603842,46.9486751],[7.4604128,46.9487192],[7.4604316,46.9487599],[7.460447,46.9488139],[7.4604534,46.9488429],[7.4604535,46.9488708],[7.460448,46.9489058],[7.4604199,46.9489984],[7.4603782,46.9491291],[7.4602916,46.9493975],[7.4601917,46.9497124],[7.4601192,46.9499555],[7.4600999,46.9500259],[7.4600816,46.9500968],[7.4600627,46.9501708],[7.4600467,46.9502162],[7.4600295,46.9502612],[7.4599932,46.9503412],[7.4599599,46.950404],[7.4598658,46.9505593],[7.4598126,46.9506402],[7.4597694,46.9507031],[7.4597293,46.9507542],[7.4596554,46.9508456],[7.4595485,46.950976],[7.4594869,46.95105],[7.4590873,46.9515323],[7.4589762,46.9516668]],[[7.4589762,46.9516668],[7.458867,46.9518009],[7.4588138,46.9518746],[7.4587697,46.9519522],[7.4587373,46.952026],[7.4587155,46.9520876],[7.4587057,46.9521248],[7.4587017,46.9521474],[7.4586978,46.9521803],[7.4586941,46.9522204],[7.4586942,46.9522605]],[[7.4586942,46.9522605],[7.4586989,46.9523326],[7.4587086,46.9524132],[7.4587243,46.9524811],[7.4587359,46.9525236],[7.45875,46.952568],[7.4587661,46.952608],[7.4587869,46.9526502],[7.4588104,46.9526945],[7.4588367,46.9527395],[7.4588843,46.9528092],[7.4589217,46.9528574],[7.4589913,46.9529512],[7.4591882,46.953209],[7.4592302,46.9532613],[7.45929,46.9533374]]]}},{"type":"Feature","id":2961064,"properties":{"name":"Englische Anlagen","wikidata":null,"gender":null,"source":null,"details":null},"geometry":{"type":"MultiLineString","coordinates":[[[7.4542951,46.9440633],[7.454263,46.9440839],[7.4542329,46.9440989],[7.4542027,46.9441065],[7.4541682,46.9441094],[7.4541342,46.9441052],[7.454045,46.9440781],[7.4540105,46.9440684],[7.4539765,46.9440673],[7.4539333,46.9440696],[7.4537511,46.9440794],[7.4533262,46.9441064],[7.4531972,46.9441097],[7.453074,46.9441112],[7.4529851,46.944107],[7.4527798,46.9440846],[7.4527377,46.944084],[7.4526739,46.9440848],[7.4526434,46.9440872],[7.4524774,46.9441125],[7.4524401,46.9441164],[7.4523998,46.9441168]],[[7.4523998,46.9441168],[7.4523754,46.9441142],[7.4523367,46.944108],[7.4523193,46.9441058],[7.4522255,46.9441006],[7.4521807,46.9441015],[7.452137,46.9441081],[7.4519978,46.9441406],[7.4516884,46.9442601],[7.4516176,46.9442984],[7.451596,46.9443124],[7.4515687,46.944333],[7.4515107,46.9443857],[7.4514886,46.9443996],[7.4514662,46.9444071],[7.4514429,46.9444107],[7.4514187,46.9444113],[7.4513947,46.9444098],[7.4513737,46.9444058],[7.451356,46.944399],[7.4513369,46.9443886],[7.4513227,46.9443782],[7.4513123,46.9443658],[7.4512932,46.9443429],[7.4512851,46.9443349],[7.4512747,46.9443283],[7.4512169,46.9443035],[7.451198,46.9443009],[7.4511826,46.9443006]],[[7.4511826,46.9443006],[7.450844,46.9443033],[7.4508084,46.9443008],[7.450771,46.9442955],[7.4504805,46.9442519],[7.4504719,46.9442504],[7.4504197,46.9442414]],[[7.4495509,46.9440374],[7.4495532,46.9440496],[7.4495563,46.9440552],[7.4495631,46.94406],[7.4495735,46.9440652],[7.4495876,46.9440693],[7.4496039,46.9440731],[7.4503612,46.9442152],[7.4503746,46.9442178],[7.4504267,46.9442277]],[[7.4523998,46.9441168],[7.4524565,46.9438532],[7.4524625,46.9438293],[7.4524687,46.9438046]]]}},{"type":"Feature","id":2962657,"properties":{"name":"Kirchenfeldstrasse","wikidata":null,"gender":null,"source":null,"details":null},"geometry":{"type":"MultiLineString","coordinates":[[[7.4458112,46.9399585],[7.4454393,46.9399444]],[[7.4463105,46.9399797],[7.4458112,46.9399585]],[[7.4463105,46.9399797],[7.4464585,46.9399858],[7.4466448,46.9399959]],[[7.4466448,46.9399959],[7.4472641,46.9400236]],[[7.4472641,46.9400236],[7.4474832,46.9400351]],[[7.4474832,46.9400351],[7.4477051,46.9400442],[7.4481545,46.9400661],[7.4485089,46.9400845],[7.4489903,46.9401018],[7.4490917,46.9401062]],[[7.4490917,46.9401062],[7.4491477,46.9401086],[7.4493858,46.9401189],[7.4498416,46.9401375]],[[7.4498416,46.9401375],[7.4502236,46.9401504]],[[7.4502236,46.9401504],[7.4507648,46.9401692],[7.4508273,46.9401713]],[[7.4508273,46.9401713],[7.4510313,46.9401784]],[[7.4510313,46.9401784],[7.4511652,46.9401824]],[[7.4511652,46.9401824],[7.4512349,46.9401839],[7.4515674,46.9401938],[7.451831,46.9401988]],[[7.451831,46.9401988],[7.4521792,46.9402122],[7.4522611,46.9402163]],[[7.4522611,46.9402163],[7.4527383,46.9402391]],[[7.4527383,46.9402391],[7.4529725,46.9402499],[7.4530898,46.940257]],[[7.4530898,46.940257],[7.4532904,46.9402663]],[[7.4532904,46.9402663],[7.4536289,46.9402778]],[[7.4536289,46.9402778],[7.4538938,46.9402857]],[[7.4538938,46.9402857],[7.4549702,46.940328],[7.4551018,46.9403332],[7.4552212,46.9403385],[7.4558586,46.9403665],[7.4565318,46.9403948]],[[7.4565318,46.9403948],[7.4566839,46.9404009],[7.4567676,46.9404043],[7.4569128,46.9404105]],[[7.4569128,46.9404105],[7.4571371,46.9404206]],[[7.4571371,46.9404206],[7.4573651,46.9404309],[7.4577108,46.9404468]],[[7.4580076,46.9405309],[7.4579487,46.9405116],[7.4578837,46.9404926],[7.4578134,46.9404752],[7.4577108,46.9404468]],[[7.4577108,46.9404468],[7.4579084,46.9404411],[7.4580276,46.9404398],[7.458118,46.9404388]]]}},{"type":"Feature","id":2962982,"properties":{"name":"Jubil\u00e4umsstrasse","wikidata":null,"gender":null,"source":null,"details":null},"geometry":{"type":"MultiLineString","coordinates":[[[7.4474998,46.9365341],[7.4472864,46.9364008],[7.4470026,46.9362333],[7.4466903,46.9360467],[7.4462604,46.9357899],[7.4459749,46.935616],[7.4459546,46.9356046],[7.4459365,46.9355917],[7.4459193,46.935575],[7.4459048,46.9355571],[7.4458929,46.9355381],[7.4458842,46.9355183],[7.4458235,46.9352331],[7.4458112,46.9351928],[7.4458003,46.9351705],[7.4457836,46.9351505],[7.4457577,46.935131],[7.445731,46.9351155],[7.4457076,46.9351043]],[[7.4505189,46.9383399],[7.4503985,46.9382661],[7.4503074,46.93821],[7.4500082,46.9380334],[7.4495382,46.9377515],[7.448577,46.9371766],[7.4474998,46.9365341]],[[7.4530002,46.9398243],[7.4524965,46.9395265],[7.4521241,46.9393013],[7.4513847,46.9388557],[7.450794,46.9385014],[7.4506297,46.9384052],[7.4505189,46.9383399]],[[7.4458842,46.9355183],[7.4459342,46.9354795],[7.4461444,46.9353154],[7.4464639,46.9350659]],[[7.4464639,46.9350659],[7.4472121,46.9355128],[7.447226,46.9355221],[7.4472382,46.9355308],[7.447246,46.9355377],[7.4472509,46.9355425]],[[7.4472509,46.9355425],[7.4472557,46.9355486],[7.4472597,46.9355559],[7.4472614,46.9355616],[7.4472627,46.9355688],[7.4472632,46.9355775],[7.4472611,46.9355872],[7.4472578,46.9355947],[7.4472516,46.935603],[7.4472445,46.9356104],[7.4472314,46.9356219],[7.4470189,46.9357893],[7.4467402,46.9360077],[7.4466903,46.9360467]]]}},{"type":"Feature","id":2962983,"properties":{"name":"Jubil\u00e4umsplatz","wikidata":"Q128802224","gender":null,"source":null,"details":null},"geometry":{"type":"MultiLineString","coordinates":[[[7.4530898,46.940257],[7.4530867,46.9401999],[7.4530802,46.9401399],[7.4530727,46.9400864],[7.4530704,46.9400316],[7.4530771,46.9399675],[7.453076,46.9399447],[7.4530704,46.9399207],[7.4530503,46.9398836]],[[7.4530503,46.9398836],[7.4530002,46.9398243]],[[7.4530002,46.9398243],[7.4530474,46.9398216],[7.4530765,46.9398145],[7.4530994,46.9398026],[7.453118,46.9397799],[7.4531416,46.9397276]],[[7.4531416,46.9397276],[7.4531483,46.9397153],[7.4531638,46.9396898],[7.453182,46.9396672],[7.4532214,46.9396356],[7.4532667,46.9396122],[7.4532973,46.9396011],[7.4533284,46.9395932],[7.4533599,46.9395869],[7.4533944,46.939583],[7.4534275,46.9395824],[7.4534605,46.9395833]],[[7.4534605,46.9395833],[7.4534924,46.9395891],[7.4535245,46.9395982],[7.453557,46.9396102],[7.4535719,46.9396172],[7.4535902,46.9396266],[7.4536081,46.9396392],[7.4536223,46.9396499],[7.4536365,46.9396626],[7.4536508,46.9396792],[7.4536594,46.93969],[7.4536657,46.9396994],[7.4536736,46.9397134],[7.453683,46.9397304],[7.4536913,46.9397516],[7.4536955,46.9397689],[7.4536967,46.9397911],[7.453693,46.9398191],[7.4536122,46.9401606],[7.4536099,46.9401861],[7.4536096,46.9402044],[7.4536117,46.9402215],[7.453617,46.9402455],[7.4536289,46.9402778]]]}},{"type":"Feature","id":2966178,"properties":{"name":"Kollerweg","wikidata":null,"gender":null,"source":null,"details":null},"geometry":{"type":"MultiLineString","coordinates":[[[7.4546672,46.9436806],[7.4546943,46.9437055],[7.4547209,46.9437244],[7.4548439,46.9437927],[7.4549661,46.943865],[7.4549962,46.9438838],[7.455028,46.9439093],[7.4550508,46.9439329],[7.4550748,46.9439633],[7.4550819,46.9439738],[7.455091,46.9439881],[7.4551027,46.9440117],[7.4551125,46.9440529],[7.4551148,46.944089],[7.455109,46.9441344],[7.4550988,46.9441805],[7.4550943,46.9442005],[7.4550922,46.9442276],[7.4550938,46.9442473],[7.4550973,46.9442666],[7.4551024,46.944286],[7.455109,46.9443059],[7.4551173,46.9443229],[7.4551278,46.9443401],[7.4551556,46.9443724],[7.455191,46.9444073],[7.4552346,46.944439],[7.455277,46.944465],[7.4553156,46.9444841],[7.4553729,46.9445066],[7.4554518,46.9445321],[7.4556833,46.9446027]],[[7.4556833,46.9446027],[7.4561185,46.9447351],[7.4562561,46.9447779],[7.4563697,46.9448133],[7.4573823,46.9451247],[7.4577269,46.9452306],[7.4577777,46.9452493],[7.4578146,46.9452671],[7.4578509,46.9452874],[7.4578844,46.9453131],[7.4579212,46.94535],[7.4580223,46.9454514],[7.4580501,46.9454759],[7.4580968,46.945505],[7.4581428,46.9455284],[7.4581835,46.9455436],[7.4582028,46.9455489],[7.4582218,46.9455524],[7.4582349,46.945553],[7.4582592,46.9455512],[7.4582864,46.9455441],[7.4583206,46.945531],[7.4583532,46.9455095],[7.4583814,46.9454868]]]}},{"type":"Feature","id":2966690,"properties":{"name":"B\u00fchlstrasse","wikidata":null,"gender":null,"source":null,"details":null},"geometry":{"type":"MultiLineString","coordinates":[[[7.4308444,46.9518986],[7.4309323,46.9519411],[7.4309627,46.9519557],[7.4309884,46.951967],[7.4309907,46.951968],[7.4309951,46.9519699],[7.4310231,46.9519805],[7.431055,46.9519902]],[[7.4292763,46.9506606],[7.4297654,46.9510461],[7.4298976,46.9511503],[7.4300816,46.9512943],[7.4301767,46.95137],[7.4303485,46.9515061],[7.4304021,46.9515485],[7.430506,46.9516308],[7.4306014,46.9517063],[7.4307378,46.951814],[7.4308256,46.9518839],[7.4308444,46.9518986]],[[7.4285693,46.950038],[7.4285835,46.9500644],[7.4285999,46.9500903],[7.4286195,46.9501147],[7.4286467,46.950149],[7.4287481,46.9502427],[7.4288398,46.9503168],[7.4289861,46.9504346],[7.429107,46.9505286],[7.4292763,46.9506606]],[[7.4281317,46.948988],[7.4281501,46.9490378],[7.428194,46.949137],[7.4283075,46.9494013],[7.4284575,46.9497532],[7.4285015,46.9498545],[7.4285367,46.9499537],[7.4285544,46.9500034],[7.4285693,46.950038]],[[7.4281195,46.9489533],[7.4281317,46.948988]],[[7.4325791,46.9531646],[7.4325444,46.9531244],[7.4325287,46.9531095],[7.4325135,46.9530942],[7.4322043,46.9528805],[7.4321547,46.9528461],[7.4314222,46.9523397],[7.4314114,46.9523323],[7.4313618,46.952298]],[[7.4313618,46.952298],[7.4312393,46.952244],[7.4311908,46.952226],[7.4311114,46.9522073]]]}},{"type":"Feature","id":2967568,"properties":{"name":"Segantinistrasse","wikidata":null,"gender":null,"source":null,"details":null},"geometry":{"type":"MultiLineString","coordinates":[[[7.4651853,46.9435804],[7.4652211,46.9436066],[7.4654419,46.9437694],[7.4658443,46.9440659],[7.4658911,46.9440969]],[[7.4640497,46.943293],[7.4640968,46.9433233],[7.4641305,46.9433465],[7.4644783,46.9435732],[7.4645699,46.9436313],[7.4646127,46.9436564],[7.464654,46.9436746],[7.4647066,46.94369],[7.4647601,46.9437004],[7.4648068,46.9437058],[7.4648449,46.9437058],[7.4648816,46.9437046],[7.4649085,46.9437023],[7.4649585,46.9436942],[7.4650076,46.9436815],[7.465059,46.9436624],[7.4650986,46.94364],[7.4651853,46.9435804],[7.4658082,46.943155],[7.4661519,46.9429202],[7.4663973,46.9427526],[7.4667043,46.9425429]],[[7.4667043,46.9425429],[7.4668254,46.9424603],[7.4669836,46.9423063],[7.4670068,46.9422759],[7.4670158,46.9422366],[7.4670175,46.9422162],[7.4670162,46.9422052],[7.4670135,46.9421937],[7.4670045,46.9421697],[7.4670004,46.9421504]]]}},{"type":"Feature","id":2967581,"properties":{"name":"Ankerstrasse","wikidata":null,"gender":null,"source":null,"details":null},"geometry":{"type":"MultiLineString","coordinates":[[[7.4668566,46.9448046],[7.4668313,46.9447865],[7.4665507,46.9445773],[7.4659538,46.9441385],[7.4658911,46.9440969]],[[7.4669706,46.9434757],[7.4668255,46.9435578],[7.4664709,46.9437611],[7.4658911,46.9440969]],[[7.4680073,46.9431769],[7.4679693,46.9432024],[7.4677358,46.9433479],[7.4676121,46.9434237],[7.4672324,46.9436561]],[[7.4672324,46.9436561],[7.4669706,46.9434757],[7.4665686,46.9432034],[7.4664501,46.9431222]],[[7.4664501,46.9431222],[7.4663709,46.9430691],[7.4661964,46.9429498],[7.4661519,46.9429202]],[[7.4673671,46.9437718],[7.4674523,46.9437535]],[[7.4664501,46.9431222],[7.4670096,46.9427367],[7.4670459,46.9427117]]]}},{"type":"Feature","id":2970068,"properties":{"name":"Predigergasse","wikidata":null,"gender":null,"source":null,"details":null},"geometry":{"type":"MultiLineString","coordinates":[[[7.4460204,46.9493629],[7.4460027,46.9493113],[7.4459107,46.9489653],[7.445884,46.9488849]],[[7.4460414,46.9494202],[7.4460204,46.9493629]],[[7.4460414,46.9494202],[7.4460688,46.9494891],[7.446105,46.9495868],[7.4461392,46.9496849],[7.4461532,46.9497299]]]}},{"type":"Feature","id":2971668,"properties":{"name":"B\u00fcrglenstrasse","wikidata":null,"gender":null,"source":null,"details":null},"geometry":{"type":"MultiLineString","coordinates":[[[7.4683913,46.9448105],[7.4682972,46.9447272],[7.4681096,46.9445652],[7.4679507,46.9444197],[7.46791,46.9443773],[7.4678855,46.9443508]],[[7.4684438,46.9448604],[7.4683913,46.9448105]],[[7.4693445,46.9456579],[7.4693313,46.9456463],[7.4691934,46.9455252],[7.4691433,46.9454784],[7.4689856,46.9453435],[7.4687854,46.9451636],[7.4684527,46.9448682],[7.4684438,46.9448604]],[[7.469442,46.9457482],[7.4693954,46.9457051],[7.4693445,46.9456579]],[[7.4698145,46.9460817],[7.4697704,46.9460475],[7.4697572,46.9460353],[7.4696404,46.945926],[7.469442,46.9457482]],[[7.4699475,46.946198],[7.4698843,46.9461418],[7.4698496,46.9461103],[7.4698145,46.9460817]],[[7.4727611,46.9476751],[7.4722242,46.9477778],[7.4721588,46.9477894],[7.47214,46.9477921],[7.4721098,46.9477959],[7.4720819,46.9477984],[7.472069,46.9477987],[7.4720455,46.9477991],[7.4720131,46.9477987],[7.4719764,46.9477969],[7.4719448,46.9477942],[7.4718958,46.9477864],[7.4718662,46.9477805],[7.4718203,46.9477683],[7.4717787,46.9477566],[7.4717259,46.9477359],[7.4716861,46.9477179],[7.4716609,46.9477045],[7.4716409,46.947692],[7.4716186,46.9476777],[7.4715897,46.9476561],[7.4715606,46.9476309],[7.4714223,46.9475078],[7.4710943,46.947216],[7.4708744,46.9470196],[7.470764,46.9469216],[7.4704645,46.9466557],[7.470144,46.9463706],[7.4699475,46.946198]]]}},{"type":"Feature","id":2973238,"properties":{"name":"Gr\u00fcneckweg","wikidata":null,"gender":null,"source":null,"details":null},"geometry":{"type":"MultiLineString","coordinates":[[[7.4586444,46.9446992],[7.458638,46.9446576],[7.4586336,46.9446248],[7.4586135,46.944472],[7.4586083,46.9444498],[7.4585959,46.944431],[7.4585726,46.9444127],[7.4582948,46.9442725],[7.4580066,46.9441274],[7.4579679,46.9441081]],[[7.4579679,46.9441081],[7.4576489,46.9439481],[7.4576296,46.9439384],[7.4576142,46.9439307]],[[7.4575852,46.9445083],[7.4576188,46.9444726],[7.4579679,46.9441081]],[[7.4585445,46.9440549],[7.4585094,46.9440744],[7.4583207,46.9442486],[7.4582948,46.9442725]]]}},{"type":"Feature","id":2975472,"properties":{"name":"Gantrischstrasse","wikidata":null,"gender":null,"source":null,"details":null},"geometry":{"type":"MultiLineString","coordinates":[[[7.4667043,46.9425429],[7.4667408,46.9425624],[7.4667566,46.9425706],[7.4670459,46.9427117],[7.4670794,46.9427274],[7.4675233,46.942937],[7.467688,46.943012],[7.4678712,46.9431024],[7.4679613,46.943151],[7.4680073,46.9431769],[7.4680679,46.9432126],[7.4683247,46.9433658],[7.4684285,46.9434337],[7.4685022,46.9434842],[7.4686513,46.9435949],[7.4687537,46.9436763],[7.4688142,46.943729],[7.4688428,46.9437532],[7.4688731,46.9437807],[7.4689786,46.9438763],[7.469002,46.9438991],[7.4690299,46.943925],[7.469057,46.9439523],[7.4691594,46.9440645],[7.4691993,46.9441011],[7.4692388,46.9441327],[7.4692746,46.9441586],[7.4694303,46.9442655],[7.4695042,46.944318]],[[7.4695042,46.944318],[7.4698248,46.9445494],[7.4699943,46.9446775],[7.4703957,46.9450103]],[[7.4703957,46.9450103],[7.4706599,46.9452207]],[[7.4706599,46.9452207],[7.4708642,46.9453854],[7.4708818,46.945399],[7.4709341,46.945436]],[[7.4709341,46.945436],[7.4709762,46.9454689],[7.4709907,46.9454806],[7.4710296,46.9455127],[7.4710659,46.9455434],[7.4711386,46.9456116],[7.4712175,46.9456884],[7.4712733,46.9457509]],[[7.4712733,46.9457509],[7.4713061,46.9457896],[7.4713568,46.9458537],[7.4713812,46.9458852],[7.4714151,46.9459353],[7.4714555,46.9460008],[7.4714949,46.9460688],[7.4715226,46.9461295],[7.4715466,46.9461871],[7.4717284,46.9466217]],[[7.4717284,46.9466217],[7.4718876,46.9469867],[7.47205,46.947359],[7.4722046,46.94773],[7.4722242,46.9477778]]]}},{"type":"Feature","id":3004517,"properties":{"name":"Wohlenstrasse","wikidata":null,"gender":null,"source":null,"details":null},"geometry":null},{"type":"Feature","id":3009395,"properties":{"name":"Landoltstrasse","wikidata":null,"gender":null,"source":null,"details":null},"geometry":{"type":"MultiLineString","coordinates":[[[7.4392845,46.9372644],[7.4393461,46.9371844],[7.4394312,46.937068],[7.4400066,46.9362094],[7.4402779,46.9357999],[7.4403106,46.9357417],[7.4404553,46.9355249],[7.4405861,46.9353376],[7.4407371,46.9351067],[7.4407855,46.9350336],[7.4409586,46.9347719],[7.4412494,46.9343302],[7.4413002,46.9342531],[7.4413476,46.9341942],[7.4414052,46.9341226],[7.4415148,46.9340118],[7.4416118,46.9339389],[7.4417411,46.9338625],[7.4418463,46.933812],[7.4420118,46.9337447],[7.4434278,46.9331633],[7.4441739,46.9328593],[7.4445347,46.9327101],[7.4445728,46.9326938],[7.4447498,46.9326077],[7.4448595,46.932545],[7.4449406,46.9324909],[7.4450572,46.9324075],[7.4451599,46.9323168],[7.4452509,46.9322369],[7.4454421,46.9320202],[7.44548,46.9319748],[7.4455453,46.93189]],[[7.4455453,46.93189],[7.445528,46.931832],[7.4455119,46.9318102],[7.4454818,46.931788],[7.445443,46.9317746],[7.4453983,46.9317617],[7.4453525,46.9317522],[7.4452988,46.9317427]],[[7.4458578,46.9317248],[7.4457974,46.931761],[7.4457112,46.9317997],[7.4456002,46.9318553],[7.4455453,46.93189]]]}},{"type":"Feature","id":3011842,"properties":{"name":"Rodtmattstrasse","wikidata":null,"gender":null,"source":null,"details":null},"geometry":{"type":"MultiLineString","coordinates":[[[7.4551241,46.9589628],[7.4551574,46.9589887],[7.4552039,46.9590199]],[[7.4552039,46.9590199],[7.4552369,46.9590387],[7.4552719,46.959057],[7.4553089,46.9590725],[7.4553576,46.9590875],[7.4554078,46.9590999],[7.4554705,46.9591129],[7.455552,46.9591261],[7.4556053,46.9591341],[7.4562925,46.9592246],[7.4567832,46.9592948]],[[7.4567832,46.9592948],[7.4569096,46.9593126],[7.4572653,46.9593663],[7.4573701,46.9593803],[7.4576692,46.9594247],[7.4583093,46.9595162],[7.4585475,46.9595507],[7.4587761,46.9595822]],[[7.4587761,46.9595822],[7.458836,46.9595911],[7.4588909,46.9596002],[7.4589794,46.9596156],[7.4590927,46.9596362],[7.4591935,46.9596536],[7.4594372,46.9597005],[7.4596175,46.9597353],[7.4610867,46.9600177],[7.4611323,46.9600262],[7.4612087,46.9600384],[7.4612507,46.9600444],[7.4613101,46.9600494],[7.4613692,46.9600516],[7.4614192,46.9600516],[7.4614553,46.9600495],[7.4614872,46.9600463],[7.4615345,46.9600393],[7.4615772,46.9600319],[7.461618,46.9600225],[7.4616556,46.9600121],[7.4616882,46.9600021],[7.4617183,46.959992],[7.4619261,46.9599171],[7.4621832,46.9598243],[7.4624346,46.9597304]],[[7.4634717,46.9593893],[7.4633516,46.9594286],[7.4632368,46.9594684],[7.4627413,46.959647],[7.4626708,46.9596725],[7.4625336,46.9597052],[7.4624346,46.9597304]],[[7.4636868,46.9593316],[7.4634717,46.9593893]],[[7.463844,46.9592827],[7.4637892,46.9592995],[7.463721,46.9593213],[7.4636868,46.9593316]],[[7.4624346,46.9597304],[7.4624867,46.9596949],[7.4626292,46.9596103],[7.4628604,46.9595282],[7.4633878,46.9593411]],[[7.4633878,46.9593411],[7.4635846,46.9592717],[7.4636231,46.9592589],[7.4636613,46.959246],[7.4637091,46.9592283],[7.4637824,46.959202]],[[7.464109,46.9596308],[7.4640795,46.9596203],[7.4640092,46.9596025],[7.4639691,46.9595532],[7.4639133,46.9594929],[7.4639027,46.959485],[7.4638856,46.9594751],[7.463847,46.9594555],[7.4637938,46.9594314],[7.4637806,46.9594257],[7.4637602,46.9594183],[7.4637388,46.9594116],[7.4637144,46.9594051],[7.4636853,46.9593983],[7.4636625,46.9593945],[7.4636344,46.9593921],[7.4635979,46.9593907],[7.4634717,46.9593893]],[[7.4633878,46.9593411],[7.4635059,46.9592586],[7.4635304,46.959243],[7.4635577,46.9592195]],[[7.4635577,46.9592195],[7.4635712,46.959201],[7.4635882,46.9591673],[7.4635962,46.9591476],[7.4636078,46.9591086]],[[7.4636078,46.9591086],[7.4636117,46.9590939],[7.4636373,46.9590137]]]}},{"type":"Feature","id":3060287,"properties":{"name":"Brechb\u00fchlerstrasse","wikidata":null,"gender":"M","source":"wikidata","details":{"wikidata":"Q1234561","person":true,"gender":"M","labels":{"en":{"language":"en","value":"Hans Brechb\u00fchler"},"de":{"language":"de","value":"Hans Brechb\u00fchler"}},"descriptions":{"en":{"language":"en","value":"Swiss architect (1907-1989)"},"de":{"language":"de","value":"Schweizer Architekt"}},"nicknames":[],"birth":1907,"death":1989,"sitelinks":{"dewiki":{"site":"dewiki","title":"Hans Brechb\u00fchler","badges":[],"url":"https:\/\/de.wikipedia.org\/wiki\/Hans_Brechb%C3%BChler"}},"image":null}},"geometry":{"type":"MultiLineString","coordinates":[[[7.4673662,46.9508638],[7.4674095,46.9508835],[7.4687481,46.951493],[7.4689247,46.9515733],[7.4690165,46.9516173],[7.4690972,46.951659],[7.4691963,46.9517164],[7.4692764,46.9517692],[7.4693418,46.9518178],[7.4693883,46.9518565],[7.4694334,46.9518983],[7.4694649,46.9519314],[7.469492,46.9519646],[7.4695126,46.9519974],[7.4695283,46.9520295],[7.4695399,46.9520656],[7.4695461,46.9520947],[7.4695488,46.9521206],[7.4695471,46.9521456],[7.4695413,46.9521713],[7.4695313,46.9521912],[7.4695221,46.9522047],[7.4695084,46.9522196],[7.4694853,46.9522366],[7.4694545,46.9522548],[7.4694095,46.9522732],[7.4693795,46.9522823],[7.469348,46.9522903],[7.4693054,46.9522978],[7.4692526,46.9523062],[7.4691963,46.9523104],[7.4691335,46.9523127],[7.4690292,46.9523088],[7.4689385,46.9523017],[7.468842,46.952292],[7.4687819,46.9522832],[7.4687087,46.9522685],[7.4686356,46.9522525],[7.4685604,46.9522354],[7.4684465,46.9522061],[7.4683306,46.9521749],[7.4679521,46.9520672],[7.467744,46.9520043],[7.4674552,46.9519186],[7.4672175,46.9518418],[7.4667089,46.9516724],[7.4666745,46.9516571],[7.4666343,46.9516383]]]}},{"type":"Feature","id":3077147,"properties":{"name":"Gerechtigkeitsgasse","wikidata":null,"gender":null,"source":null,"details":null},"geometry":{"type":"MultiLineString","coordinates":[[[7.4522824,46.948023],[7.4523342,46.9480277],[7.4525956,46.9480564],[7.4526397,46.9480602],[7.453126,46.9481124],[7.4533793,46.9481472],[7.4536549,46.9482042],[7.4539432,46.9482743],[7.4539671,46.9482801],[7.4542339,46.9483352],[7.4545368,46.948399],[7.4552377,46.9485737],[7.4557156,46.9486533],[7.4558365,46.9486704]],[[7.4559595,46.9486474],[7.4559437,46.9486485],[7.4558988,46.9486546],[7.4558365,46.9486704]]]}},{"type":"Feature","id":3077153,"properties":{"name":"Postgasse","wikidata":"Q7234276","gender":null,"source":null,"details":null},"geometry":{"type":"MultiLineString","coordinates":[[[7.4556644,46.9490305],[7.4556041,46.9490299],[7.4553826,46.9490226],[7.4553501,46.9490203],[7.4550301,46.9489836],[7.4547876,46.9489504],[7.4545366,46.9489041]],[[7.4545366,46.9489041],[7.4542429,46.9488448],[7.4540868,46.9488108],[7.4538263,46.9487525]],[[7.4538263,46.9487525],[7.4534381,46.9486855]],[[7.4534381,46.9486855],[7.453258,46.9486544]],[[7.453258,46.9486544],[7.4532224,46.9486483],[7.4529891,46.9486103],[7.4529465,46.9486042],[7.4529014,46.9485997],[7.45285,46.9485955]],[[7.45285,46.9485955],[7.4525393,46.9485699]],[[7.4556644,46.9490305],[7.4557222,46.9490261],[7.4557304,46.949025],[7.4558565,46.9490047],[7.4560355,46.9489759],[7.4561189,46.9489592],[7.4561978,46.948939],[7.4562234,46.9489323]]]}},{"type":"Feature","id":3077161,"properties":{"name":"Postgasshalde","wikidata":null,"gender":null,"source":null,"details":null},"geometry":{"type":"MultiLineString","coordinates":[[[7.4557695,46.9487347],[7.4557498,46.9487654],[7.455732,46.9487961],[7.4557131,46.9488379],[7.4556955,46.9488955],[7.4556778,46.9489534],[7.4556695,46.9489942],[7.4556644,46.9490305]],[[7.4556644,46.9490305],[7.455664,46.9490427],[7.4556615,46.9491317],[7.4556587,46.9491618],[7.455652,46.9491866],[7.4556407,46.9492058],[7.4556269,46.9492199],[7.4556103,46.9492329],[7.455591,46.9492453],[7.4555733,46.9492543],[7.4555343,46.9492676],[7.4554987,46.9492747],[7.455458,46.9492808],[7.4554029,46.9492872],[7.4553171,46.9492964],[7.4552202,46.949306],[7.4551188,46.9493147],[7.4550509,46.9493181],[7.4549953,46.949318],[7.454937,46.9493165],[7.4548795,46.9493123],[7.4548056,46.9493053],[7.4546038,46.9492805],[7.4544743,46.9492641],[7.454347,46.9492487],[7.4542316,46.9492325],[7.4540248,46.9491989],[7.4538595,46.9491682],[7.453676,46.9491319]],[[7.453676,46.9491319],[7.4534499,46.9490931],[7.453308,46.9490661],[7.4531625,46.9490385],[7.4530821,46.9490249],[7.4530271,46.9490172],[7.4529667,46.9490095]],[[7.4529667,46.9490095],[7.4528941,46.9490024],[7.4528178,46.9489953],[7.4526254,46.9489792],[7.4524293,46.948963],[7.4520491,46.948931]]]}},{"type":"Feature","id":3077172,"properties":{"name":"Kramgasse","wikidata":"Q680298","gender":null,"source":null,"details":null},"geometry":{"type":"MultiLineString","coordinates":[[[7.4481425,46.9479959],[7.4482218,46.9479856],[7.4487299,46.9479724],[7.448757,46.9479717],[7.4489331,46.9479658],[7.4489711,46.9479644],[7.449063,46.947961],[7.4491198,46.94796],[7.4499108,46.9479693],[7.4505015,46.9479742],[7.450669,46.9479724],[7.4512221,46.947964],[7.4515983,46.947974],[7.4517697,46.9479796],[7.4519585,46.9479946],[7.45212,46.9480085],[7.4522824,46.948023]]]}},{"type":"Feature","id":3077180,"properties":{"name":"Rathausgasse","wikidata":null,"gender":null,"source":null,"details":null},"geometry":{"type":"MultiLineString","coordinates":[[[7.4520947,46.9485313],[7.4520382,46.9485281],[7.4513196,46.9484869],[7.4504854,46.948499],[7.4504512,46.9484988],[7.4500423,46.9484968],[7.4495993,46.9484882],[7.4491228,46.9484775],[7.4487936,46.9484773],[7.4487758,46.9484775],[7.4484458,46.9484807],[7.4484197,46.9484831],[7.4483995,46.9484874],[7.4483663,46.9484968],[7.4483166,46.9485113],[7.4482912,46.948518],[7.4482781,46.948521],[7.4482706,46.9485226],[7.4482436,46.9485272],[7.4477783,46.9486064],[7.4476864,46.9486228],[7.4476701,46.9486257],[7.4476538,46.9486286],[7.447631,46.9486315]]]}},{"type":"Feature","id":3077181,"properties":{"name":"Brunngasse","wikidata":null,"gender":null,"source":null,"details":null},"geometry":{"type":"MultiLineString","coordinates":[[[7.4483166,46.9485113],[7.4483329,46.9485496],[7.4483852,46.9487293],[7.4483964,46.9487448],[7.4484148,46.948759],[7.448457,46.9487831],[7.4485576,46.9488383],[7.4485912,46.9488567],[7.4486148,46.9488666],[7.4486391,46.9488735],[7.4487284,46.9488916],[7.4487827,46.9488974],[7.4487955,46.9488991],[7.4493031,46.9489257],[7.4493239,46.9489265],[7.4495838,46.9489278],[7.4496257,46.9489271],[7.449661,46.9489263],[7.4498237,46.9489162],[7.44995,46.948907],[7.450132,46.9488885],[7.4501732,46.948882],[7.4502051,46.9488741],[7.4502361,46.9488648],[7.4504367,46.9487991],[7.4504471,46.9487946],[7.4504576,46.9487864],[7.4504631,46.9487795],[7.450466,46.9487723],[7.4504663,46.9487651]]]}},{"type":"Feature","id":3077197,"properties":{"name":"Metzgerg\u00e4sschen","wikidata":null,"gender":null,"source":null,"details":null},"geometry":{"type":"MultiLineString","coordinates":[[[7.4504663,46.9487651],[7.450455,46.9485663],[7.4504512,46.9484988]]]}},{"type":"Feature","id":3077204,"properties":{"name":"Herrengasse","wikidata":"Q5743925","gender":null,"source":null,"details":null},"geometry":{"type":"MultiLineString","coordinates":[[[7.4505867,46.9470245],[7.4504548,46.9470275],[7.4500372,46.9470456],[7.4499809,46.947048],[7.4496531,46.9470547],[7.4494776,46.9470692],[7.4493867,46.9470803]],[[7.4493867,46.9470803],[7.4491856,46.9471055],[7.4481576,46.9471052],[7.4481039,46.9471054]]]}},{"type":"Feature","id":3077266,"properties":{"name":"Wasserwerkgasse","wikidata":null,"gender":null,"source":null,"details":null},"geometry":{"type":"MultiLineString","coordinates":[[[7.4578306,46.9481167],[7.4578544,46.9481059],[7.4578713,46.9480998],[7.4578882,46.9480948],[7.4579529,46.9480813],[7.4579702,46.9480772],[7.4580022,46.9480673],[7.4580342,46.9480533],[7.4580524,46.9480441],[7.4580795,46.948026],[7.4580988,46.9480101],[7.4581117,46.947996],[7.4581301,46.9479695],[7.4581425,46.947943],[7.4581529,46.9479072],[7.4581577,46.947878],[7.4581605,46.9477951],[7.4581659,46.9476351],[7.4581666,46.9475486],[7.4581622,46.9475207],[7.4581558,46.9474971],[7.4581458,46.9474761],[7.4580427,46.9473449],[7.4580305,46.9473313],[7.458017,46.9473207],[7.4575791,46.9471105],[7.4567611,46.9467148],[7.4567546,46.9467116],[7.4567473,46.9467082]],[[7.4567473,46.9467082],[7.4563909,46.9465465],[7.4561999,46.9464599],[7.4560082,46.9464671],[7.4558925,46.946622],[7.4559289,46.946677]],[[7.4563354,46.9468698],[7.4559289,46.946677]],[[7.4560748,46.947178],[7.4562085,46.9470547],[7.4561784,46.9470223],[7.4563354,46.9468698]],[[7.4555568,46.9469166],[7.4555668,46.9469216],[7.4555859,46.946931],[7.4556197,46.9469483],[7.4560748,46.947178]],[[7.4559289,46.946677],[7.4558561,46.9467358],[7.4557177,46.9468596],[7.4556197,46.9469483]],[[7.4560082,46.9464671],[7.4559164,46.9463954],[7.4552166,46.946202],[7.4547303,46.9460808]]]}},{"type":"Feature","id":3092754,"properties":{"name":"Helvetiastrasse","wikidata":null,"gender":null,"source":null,"details":null},"geometry":{"type":"MultiLineString","coordinates":[[[7.4513847,46.9388557],[7.4513638,46.9389177],[7.4511856,46.9395937],[7.4511325,46.9397966],[7.4510681,46.9400424],[7.4510496,46.9401148],[7.4510313,46.9401784]],[[7.4509227,46.9405921],[7.4508613,46.9408314],[7.45081,46.9410257],[7.4507874,46.9411168],[7.4506348,46.9416989],[7.4506258,46.941733],[7.4504678,46.9423283],[7.4503827,46.9426623],[7.4503596,46.942751],[7.4502257,46.9432818],[7.4502086,46.9433495],[7.4502055,46.9433824],[7.4502049,46.9434153],[7.4502118,46.9434544],[7.4502271,46.9434857],[7.4502389,46.9435015]],[[7.4509741,46.9403609],[7.4509227,46.9405921]],[[7.4510313,46.9401784],[7.4510064,46.9402457],[7.4509843,46.940314],[7.4509741,46.9403609]],[[7.4523538,46.9398469],[7.4523034,46.9398451],[7.4511856,46.9397989],[7.4511325,46.9397966]]]}},{"type":"Feature","id":3325500,"properties":{"name":"Schwyzerst\u00e4rnweg","wikidata":null,"gender":null,"source":null,"details":null},"geometry":{"type":"MultiLineString","coordinates":[[[7.4396667,46.9557743],[7.4397221,46.9557709],[7.4400143,46.9557555],[7.4400441,46.95575],[7.4400515,46.9557409],[7.4400571,46.955734],[7.4400555,46.9551677],[7.4400446,46.9549506],[7.4400345,46.9547503],[7.4400337,46.9547291],[7.4400427,46.9546372],[7.4400763,46.9545898],[7.4401133,46.9545554]]]}},{"type":"Feature","id":3400183,"properties":{"name":"Einsteinterrasse","wikidata":null,"gender":"M","source":"wikidata","details":{"wikidata":"Q937","person":true,"gender":"M","labels":{"en":{"language":"mul","value":"Albert Einstein"},"de":{"language":"mul","value":"Albert Einstein"}},"descriptions":{"en":{"language":"en","value":"German-born theoretical physicist (1879\u20131955)"},"de":{"language":"de","value":"theoretischer Physiker (1879\u20131955); Entwickler der Relativit\u00e4tstheorie, Nobelpreis f\u00fcr Physik 1922"}},"nicknames":[],"birth":1879,"death":1955,"sitelinks":{"enwiki":{"site":"enwiki","title":"Albert Einstein","badges":["Q17437798"],"url":"https:\/\/en.wikipedia.org\/wiki\/Albert_Einstein"},"dewiki":{"site":"dewiki","title":"Albert Einstein","badges":["Q17437798"],"url":"https:\/\/de.wikipedia.org\/wiki\/Albert_Einstein"}},"image":"Einstein 1921 by F Schmutzer - restoration.jpg"}},"geometry":{"type":"MultiLineString","coordinates":[[[7.439453,46.9514852],[7.4396999,46.9513466],[7.4396762,46.9513262],[7.4397621,46.9512782],[7.4397006,46.9512317],[7.4397366,46.95121],[7.4396764,46.9511628],[7.4397099,46.9511434],[7.4396488,46.9510948],[7.439682,46.9510756],[7.4396224,46.9510261],[7.439656,46.9510067],[7.4395963,46.9509586],[7.4396309,46.9509386],[7.4395691,46.950888],[7.4395996,46.9508704],[7.4395402,46.9508229],[7.4395735,46.9508032],[7.439395,46.9506634],[7.4393799,46.9506723],[7.439291,46.9505842],[7.4392457,46.9505233]],[[7.4387044,46.9507625],[7.4387117,46.9507581],[7.4388031,46.950703],[7.4388145,46.9506979],[7.4390079,46.9506125],[7.4390466,46.950597],[7.4390681,46.9505883],[7.4391588,46.950552],[7.4391412,46.9505326],[7.4391213,46.9505105],[7.4391688,46.9504924],[7.4392078,46.9504775],[7.4392457,46.9505233]],[[7.4388083,46.9508455],[7.4387044,46.9507625]],[[7.438822,46.9508376],[7.4388155,46.9508413],[7.4388083,46.9508455]],[[7.4389235,46.9509185],[7.438822,46.9508376]],[[7.4391087,46.9509913],[7.4390447,46.9509384],[7.4389811,46.9508858],[7.4389235,46.9509185]],[[7.4390379,46.9510319],[7.4391087,46.9509913]],[[7.4390379,46.9510319],[7.4392771,46.9512225],[7.4393994,46.9513197],[7.4392573,46.9514026],[7.4394,46.9515162]],[[7.4394,46.9515162],[7.4394269,46.9515005],[7.439453,46.9514852]]]}},{"type":"Feature","id":3453530,"properties":{"name":"Buchdruckerweg","wikidata":null,"gender":null,"source":null,"details":null},"geometry":{"type":"MultiLineString","coordinates":[[[7.3913247,46.9425978],[7.3917136,46.9424915],[7.3928991,46.9421603]],[[7.3928991,46.9421603],[7.3932297,46.9420641],[7.3932815,46.9420481]],[[7.3907152,46.9427273],[7.3907828,46.942721],[7.3908283,46.9427151],[7.3909454,46.942695],[7.3910228,46.9426808],[7.391108,46.9426593],[7.3913247,46.9425978]]]}},{"type":"Feature","id":3664448,"properties":{"name":"Veilchenweg","wikidata":null,"gender":null,"source":null,"details":null},"geometry":{"type":"MultiLineString","coordinates":[[[7.3890245,46.9430002],[7.3890535,46.9429892],[7.3895413,46.9427875],[7.3895477,46.9427839],[7.389552,46.9427803],[7.3895566,46.9427754],[7.3895603,46.9427698],[7.3895636,46.9427637],[7.389566,46.9427554],[7.3895705,46.9427084],[7.3895722,46.9427033],[7.3895749,46.9426981],[7.3895779,46.9426937],[7.389583,46.9426892],[7.3895906,46.9426839],[7.3896013,46.9426783],[7.3902998,46.9424505],[7.3904545,46.9424106],[7.3905326,46.9423978],[7.3906683,46.9423807],[7.3907196,46.9423777]]]}},{"type":"Feature","id":3824086,"properties":{"name":"B\u00e4renplatz","wikidata":"Q1019153","gender":null,"source":null,"details":null},"geometry":{"type":"MultiLineString","coordinates":[[[7.4439351,46.9473705],[7.4439208,46.9473598],[7.4439223,46.9473521],[7.4438439,46.9473535],[7.4438215,46.9473549],[7.4436071,46.9473851],[7.4435707,46.9473892],[7.443566,46.9474222],[7.4435634,46.9474422],[7.4435621,46.9474523],[7.443481,46.9480893],[7.4434777,46.948115],[7.4434736,46.9481478],[7.4434752,46.9481582],[7.4434799,46.94819],[7.4434839,46.9482168],[7.4435015,46.9482187],[7.4435212,46.9482192],[7.4436999,46.9482234],[7.4438727,46.9482146],[7.4438719,46.9482099],[7.4438763,46.9482082],[7.443873,46.948185],[7.4438679,46.9481622],[7.4438632,46.9481617],[7.4438613,46.948152],[7.4438664,46.9481515],[7.4438643,46.9481396],[7.4438681,46.9481393],[7.443869,46.9481289],[7.4438724,46.9480841],[7.4438754,46.9480841],[7.4438753,46.948029],[7.4438757,46.9479638],[7.4438731,46.9478773],[7.4438747,46.9477888],[7.4438853,46.9476999],[7.4438893,46.9476698],[7.4438982,46.9476055],[7.4439027,46.9475739],[7.4439198,46.9474763],[7.4439267,46.9474293],[7.4439351,46.9473705]]]}},{"type":"Feature","id":3881989,"properties":{"name":"Waisenhausplatz","wikidata":"Q692277","gender":null,"source":null,"details":null},"geometry":{"type":"MultiLineString","coordinates":[[[7.4447891,46.9499089],[7.4447026,46.9499242],[7.4446415,46.9499371],[7.444209,46.9500336],[7.4441953,46.9500373],[7.4441819,46.9500426],[7.4441749,46.9500463],[7.4441671,46.9500516],[7.4441613,46.9500572],[7.4441561,46.9500633],[7.4441519,46.9500699],[7.4441496,46.9500763],[7.444148,46.9500847],[7.444144,46.9502255],[7.4441422,46.9502371],[7.4441377,46.9502485],[7.4441292,46.9502615],[7.4441207,46.9502703],[7.4441105,46.9502785],[7.4441065,46.9502811],[7.4440967,46.9502672],[7.4440467,46.9501969],[7.4440539,46.9501945],[7.4440171,46.950154],[7.4440239,46.9501517],[7.444021,46.9501475],[7.4440247,46.9501462],[7.4440189,46.9501381],[7.4440155,46.950139],[7.4440004,46.9501167],[7.4440039,46.9501156],[7.4439985,46.9501078],[7.4439949,46.9501089],[7.4439917,46.9501044],[7.4439852,46.9501064],[7.4439133,46.9499963],[7.4439063,46.9499987],[7.4438665,46.9499425],[7.4438569,46.949929],[7.4438469,46.9499149],[7.4438315,46.9498924],[7.4437998,46.9498463],[7.44412,46.94974],[7.4441125,46.9497275],[7.4441049,46.9497148],[7.4440072,46.9495501],[7.4440123,46.9495483],[7.443904,46.9493963],[7.4439063,46.949383],[7.4439171,46.9493206],[7.4439242,46.949274],[7.4439055,46.9492424],[7.4436329,46.9487808],[7.4436238,46.9487655],[7.4436026,46.9487251],[7.4435775,46.9486715],[7.4435358,46.9485822],[7.443491,46.9484641],[7.4434949,46.9483138],[7.4434954,46.9482933],[7.4434918,46.9482696],[7.4434868,46.948236],[7.4434839,46.9482168],[7.4435015,46.9482187],[7.4435212,46.9482192],[7.4436999,46.9482234],[7.4438727,46.9482146],[7.4438738,46.9482192],[7.4438787,46.9482194],[7.4438837,46.9482494],[7.4438353,46.9482806],[7.4438268,46.9483554],[7.4438304,46.9483953],[7.4438357,46.9484331],[7.4438372,46.9484447],[7.44385,46.948486],[7.4438938,46.9485846],[7.4439191,46.9486437],[7.4439407,46.9486931],[7.4439778,46.9487771],[7.4440208,46.9487717],[7.4440223,46.9487752],[7.4441471,46.9487597],[7.4442079,46.9487634],[7.4442703,46.9487671],[7.4442716,46.9487814],[7.4442808,46.9488832],[7.444353,46.9490474],[7.4443937,46.9491359],[7.4444244,46.9492098],[7.444496,46.9493464],[7.4445573,46.9494652],[7.444631,46.9496072],[7.4446618,46.9496687],[7.4446885,46.9497186],[7.4446994,46.9497399],[7.4447039,46.9497473],[7.444725,46.9497883],[7.4447298,46.9497975],[7.4447457,46.9498277],[7.4447507,46.9498368],[7.4447728,46.9498778],[7.4447891,46.9499089]]]}},{"type":"Feature","id":3988481,"properties":{"name":"Rathausplatz","wikidata":null,"gender":null,"source":null,"details":null},"geometry":{"type":"MultiLineString","coordinates":[[[7.4520465,46.9484824],[7.4520382,46.9485281],[7.4520947,46.9485313],[7.4521517,46.9485357],[7.4521461,46.9485856],[7.4521447,46.9485983],[7.452192,46.9486025],[7.4521949,46.948587],[7.4521985,46.9485683],[7.4522152,46.9485698],[7.4522152,46.9485706],[7.4523035,46.9485782],[7.452304,46.9485764],[7.4523115,46.9485771],[7.4523107,46.9485812],[7.4523737,46.9485866],[7.4523745,46.9485826],[7.4523816,46.9485831],[7.4523813,46.948585],[7.4524705,46.9485924],[7.4524873,46.9485936],[7.452484,46.9486121],[7.4524812,46.9486275],[7.452528,46.9486316],[7.4525307,46.9486168],[7.4525393,46.9485699],[7.4525466,46.9485278],[7.4525352,46.9485267],[7.4525383,46.9485102],[7.4525584,46.948408],[7.4525521,46.9484073],[7.4525577,46.9483788],[7.4523361,46.9483568],[7.4523402,46.9483101],[7.4522939,46.9483071],[7.452247,46.9483041],[7.4522201,46.9484312],[7.4520588,46.9484145],[7.452049,46.9484659],[7.4520465,46.9484824]]]}},{"type":"Feature","id":4095003,"properties":{"name":"M\u00fcnzterrasse","wikidata":null,"gender":null,"source":null,"details":null},"geometry":{"type":"MultiLineString","coordinates":[[[7.4471872,46.9463306],[7.4471886,46.9463291],[7.4471949,46.9463242],[7.4472016,46.9463191],[7.4472091,46.9463142],[7.4472172,46.94631],[7.4472234,46.9463073],[7.4472302,46.9463047],[7.4472361,46.9463029],[7.4472465,46.9463008],[7.447256,46.9462995],[7.447268,46.9462991],[7.4472782,46.9462997],[7.4472908,46.9463016],[7.4473003,46.9463041],[7.4473089,46.946307],[7.4473186,46.9463116],[7.447326,46.946316],[7.4473316,46.9463206],[7.4473365,46.946325],[7.4473411,46.9463294],[7.4473444,46.9463338],[7.4473481,46.9463396],[7.4473507,46.9463439],[7.4473525,46.9463486],[7.4473537,46.9463534],[7.4473547,46.9463583],[7.4473553,46.9463632],[7.4473557,46.9463681],[7.4473553,46.9463744],[7.447353,46.9463854],[7.4473496,46.9463954],[7.4472872,46.9463954],[7.4472833,46.9463875],[7.447278,46.9463789],[7.4472684,46.946365],[7.4472586,46.946354],[7.4472484,46.9463453],[7.4472409,46.94634],[7.44723,46.946347],[7.4472236,46.9463506],[7.4472186,46.946347],[7.4472057,46.9463391],[7.4471901,46.9463318],[7.4471872,46.9463306]]]}},{"type":"Feature","id":4455274,"properties":{"name":"Helene-von-M\u00fclinen-Treppe","wikidata":null,"gender":"F","source":"wikidata","details":{"wikidata":"Q1602036","person":true,"gender":"F","labels":{"en":{"language":"en","value":"Helene von M\u00fclinen"},"de":{"language":"de","value":"Helene von M\u00fclinen"}},"descriptions":{"en":{"language":"en","value":"Swiss feminist (1850-1924)"},"de":{"language":"de","value":"Schweizer Frauenrechtlerin"}},"nicknames":[],"birth":1850,"death":1924,"sitelinks":{"enwiki":{"site":"enwiki","title":"Helene von M\u00fclinen","badges":[],"url":"https:\/\/en.wikipedia.org\/wiki\/Helene_von_M%C3%BClinen"},"dewiki":{"site":"dewiki","title":"Helene von M\u00fclinen","badges":[],"url":"https:\/\/de.wikipedia.org\/wiki\/Helene_von_M%C3%BClinen"}},"image":"Helene von M\u00fclinen.jpg"}},"geometry":{"type":"MultiLineString","coordinates":[[[7.4386191,46.9530446],[7.4385823,46.9530393]],[[7.4385823,46.9530393],[7.4385378,46.9530329]],[[7.4385378,46.9530329],[7.4384219,46.9530162]],[[7.4384219,46.9530162],[7.4383658,46.9530081]],[[7.4383658,46.9530081],[7.4382697,46.9529943]],[[7.4382697,46.9529943],[7.4381693,46.9529799]],[[7.4381693,46.9529799],[7.4381446,46.9529763]]]}},{"type":"Feature","id":6383061,"properties":{"name":"Lorbeerstrasse","wikidata":null,"gender":null,"source":null,"details":null},"geometry":{"type":"MultiLineString","coordinates":[[[7.3885748,46.9425393],[7.3886004,46.9425733],[7.3886191,46.9425944],[7.3886378,46.9426154],[7.3890245,46.9430002],[7.3896479,46.9436466],[7.389655,46.9436575],[7.3896579,46.9436673],[7.3896579,46.943677],[7.3896541,46.9436867],[7.3896483,46.9436966]]]}},{"type":"Feature","id":7363430,"properties":{"name":"Obere Zollgasse","wikidata":null,"gender":null,"source":null,"details":null},"geometry":{"type":"MultiLineString","coordinates":[[[7.4838747,46.9475087],[7.4838197,46.9473226],[7.4837188,46.9469438],[7.4837067,46.9468978],[7.4836939,46.9468313],[7.4836727,46.9467252],[7.4836605,46.9466075],[7.4836461,46.9464082],[7.4836407,46.9463219],[7.4836382,46.9462366],[7.4836308,46.9459552],[7.4836179,46.9457893],[7.4836092,46.9457467],[7.4835963,46.945696],[7.4835891,46.9456717],[7.4835537,46.9455588],[7.4834959,46.9454103],[7.4834539,46.945308],[7.4834439,46.9452836],[7.483411,46.945207],[7.4833405,46.9450734],[7.4831567,46.9447573],[7.4831313,46.9447141],[7.4831012,46.9446629],[7.4829529,46.9444103],[7.4828796,46.9442849],[7.4827251,46.9440789],[7.482627,46.9439735],[7.482551,46.9438985],[7.4822457,46.943589],[7.4819113,46.9432651]],[[7.4839035,46.9476116],[7.4838747,46.9475087]],[[7.48395,46.9477749],[7.4839316,46.9477156],[7.4839035,46.9476116]],[[7.4840081,46.9479894],[7.4839744,46.9478651],[7.48395,46.9477749]],[[7.4844742,46.9494928],[7.484424,46.9493685],[7.48434,46.9491196],[7.4843069,46.9490193],[7.4842858,46.9489556],[7.4841909,46.9486447],[7.4841481,46.9484885],[7.4840081,46.9479894]],[[7.4846631,46.9499072],[7.4845916,46.9498467],[7.4844744,46.9495769],[7.4844742,46.9494928]],[[7.4850738,46.950676],[7.4848855,46.9503243],[7.4848322,46.9502282],[7.4846775,46.9499363],[7.4846631,46.9499072]],[[7.4850738,46.950676],[7.4851554,46.9507563],[7.4852131,46.9508747],[7.4852286,46.9509076],[7.4852379,46.9509268],[7.4852537,46.9509595],[7.4852366,46.9510447]],[[7.4857103,46.9546603],[7.485698,46.9546265],[7.4856753,46.9545641],[7.4855978,46.9544119],[7.485545,46.9542499],[7.4855308,46.9542042],[7.4855275,46.9541946],[7.4854245,46.953895],[7.4854133,46.9538585],[7.4854071,46.9538364],[7.4853996,46.9537987],[7.4853878,46.9537385],[7.4853328,46.9523166],[7.4853353,46.9522325],[7.4853227,46.9516612],[7.4853196,46.9515323],[7.4853123,46.9514055],[7.4852919,46.9512713],[7.4852655,46.9511571],[7.4852366,46.9510447]],[[7.4868058,46.9569211],[7.4867451,46.9568054],[7.4864882,46.9562956],[7.4864611,46.9562419],[7.4860448,46.955396],[7.485809,46.954903],[7.485779,46.954838],[7.4857651,46.9548078]],[[7.4868058,46.9569211],[7.4869782,46.9572682]],[[7.4869782,46.9572682],[7.4870088,46.9573297],[7.487027,46.9573787],[7.4870307,46.9573952],[7.4870313,46.9574281]],[[7.4844742,46.9494928],[7.4845416,46.9495601],[7.4846604,46.9498339],[7.4846631,46.9499072]],[[7.4852366,46.9510447],[7.4851886,46.9509723],[7.485172,46.95094],[7.4850995,46.9507974],[7.4850845,46.9507695],[7.4850738,46.950676]]]}},{"type":"Feature","id":7371541,"properties":{"name":"Bolligenstrasse","wikidata":null,"gender":null,"source":null,"details":null},"geometry":{"type":"MultiLineString","coordinates":[[[7.4809484,46.9638351],[7.4811017,46.9638736],[7.4812355,46.9639068],[7.4813876,46.9639389]],[[7.4804773,46.9637154],[7.4806717,46.9637636],[7.4807209,46.9637767],[7.48089,46.963819],[7.4809484,46.9638351]],[[7.4813876,46.9639389],[7.4816607,46.9639897],[7.4819556,46.9640397]],[[7.4819556,46.9640397],[7.4821043,46.9640669],[7.4823341,46.9641035]],[[7.4873825,46.9652336],[7.4876821,46.9653257]],[[7.4876821,46.9653257],[7.4877112,46.9653364],[7.4877656,46.9653564],[7.4878221,46.9653789],[7.4879837,46.9654438]],[[7.4879837,46.9654438],[7.4884198,46.9656307]],[[7.4884198,46.9656307],[7.4886624,46.9657268],[7.488761,46.9657594]],[[7.488761,46.9657594],[7.4889543,46.9658167],[7.4891238,46.9658568],[7.4892145,46.9658739]],[[7.4892145,46.9658739],[7.4893149,46.9658928],[7.4895404,46.9659233],[7.489766,46.9659456],[7.4899236,46.965965],[7.4899654,46.9659719]],[[7.491724,46.9678793],[7.4916224,46.9678168],[7.4915055,46.9677403],[7.4914127,46.9676737],[7.491332,46.9676122],[7.4912167,46.9675171],[7.4911185,46.9674328],[7.4906546,46.9669683],[7.4902931,46.9666075],[7.4902176,46.9665313],[7.4901792,46.9664915],[7.4901469,46.9664492],[7.4901208,46.9664049],[7.4901008,46.9663577],[7.490088,46.9663094],[7.4900824,46.9662604],[7.4900867,46.9661365],[7.4900877,46.9661062]],[[7.4831312,46.964191],[7.4833728,46.9642203],[7.4837657,46.9642728]],[[7.4827,46.9641507],[7.4829097,46.9641713],[7.4831312,46.964191]],[[7.4823341,46.9641035],[7.4825124,46.9641275],[7.4827,46.9641507]],[[7.4837657,46.9642728],[7.4841103,46.9643254],[7.4844265,46.9643798],[7.4847223,46.964439],[7.4852495,46.9645554],[7.4857234,46.9646748],[7.48604,46.9647692],[7.4862967,46.9648589]],[[7.4862967,46.9648589],[7.4864932,46.9649275],[7.4868207,46.9650428],[7.4869124,46.965075]],[[7.4869124,46.965075],[7.4870075,46.9651093],[7.4870434,46.9651222],[7.4871266,46.9651522]],[[7.4871266,46.9651522],[7.4873825,46.9652336]]]}},{"type":"Feature","id":7823651,"properties":{"name":"Platanenhof","wikidata":null,"gender":null,"source":null,"details":null},"geometry":{"type":"MultiLineString","coordinates":[[[7.4300562,46.9538565],[7.429845,46.9539827],[7.4296333,46.9541092],[7.429645,46.9541191],[7.4295129,46.9541992],[7.4294926,46.9541837],[7.4294648,46.9541624],[7.4294418,46.9541341],[7.4294746,46.9541212],[7.4291676,46.953745],[7.429472,46.9535638],[7.4295128,46.9535391],[7.4295504,46.9535698],[7.4295396,46.9535763],[7.4298738,46.9538377],[7.4298847,46.9538313],[7.4298975,46.9538411],[7.4299923,46.9537842],[7.4300091,46.9537974],[7.4299931,46.9538072],[7.4300562,46.9538565]]]}},{"type":"Feature","id":8144015,"properties":{"name":"Nydegghof","wikidata":"Q64524204","gender":null,"source":null,"details":null},"geometry":{"type":"MultiLineString","coordinates":[[[7.4573944,46.9489424],[7.4574186,46.9489148],[7.457181,46.9487822],[7.4571771,46.9487274],[7.4572294,46.9486864],[7.4572274,46.948674],[7.4570388,46.948688],[7.4570431,46.9487121],[7.4568554,46.9487244],[7.4568539,46.948714],[7.4567928,46.9487184],[7.4567221,46.9487235],[7.4567242,46.9487345],[7.4567438,46.9487803],[7.4567635,46.9488197],[7.4568331,46.9489463],[7.4568538,46.9489401],[7.4568713,46.9489349],[7.4569128,46.9489896],[7.4570183,46.948951],[7.4571244,46.9489236],[7.4572784,46.9490111],[7.4573658,46.9489424],[7.4573777,46.9489331],[7.4573944,46.9489424]]]}},{"type":"Feature","id":8437762,"properties":{"name":"Le-Corbusier-Platz","wikidata":null,"gender":"M","source":"wikidata","details":{"wikidata":"Q4724","person":true,"gender":"M","labels":{"en":{"language":"en","value":"Le Corbusier"},"de":{"language":"de","value":"Le Corbusier"}},"descriptions":{"en":{"language":"en","value":"Swiss-French architect, designer, urbanist, and writer (1886\u20131965)"},"de":{"language":"de","value":"schweizerisch-franz\u00f6sischer Architekt, Stadtplaner, Maler, Zeichner, Bildhauer und M\u00f6beldesigner (1886\u20131965)"}},"nicknames":[],"birth":1887,"death":1965,"sitelinks":{"enwiki":{"site":"enwiki","title":"Le Corbusier","badges":[],"url":"https:\/\/en.wikipedia.org\/wiki\/Le_Corbusier"},"dewiki":{"site":"dewiki","title":"Le Corbusier","badges":[],"url":"https:\/\/de.wikipedia.org\/wiki\/Le_Corbusier"}},"image":"Le Corbusier (1964).jpg"}},"geometry":{"type":"MultiLineString","coordinates":[[[7.3770307,46.9473448],[7.3770258,46.9473614],[7.3769782,46.9475249],[7.3769766,46.9475277],[7.3769743,46.9475307],[7.3769706,46.9475338],[7.3769672,46.9475361],[7.3769632,46.9475378],[7.3769582,46.9475394],[7.3769526,46.9475405],[7.3769464,46.9475406],[7.376941,46.94754],[7.37693,46.9475386],[7.3759193,46.9473983],[7.3752856,46.9473125],[7.3752435,46.9473067],[7.3751999,46.947299],[7.3751576,46.9472895],[7.3751084,46.9472745],[7.3750676,46.9472589],[7.3750106,46.9472278],[7.3749769,46.947196],[7.3749712,46.9471895],[7.3749539,46.9471695],[7.3749365,46.9471393],[7.3749256,46.9471098],[7.3749207,46.9470797],[7.3749206,46.947055]],[[7.3749206,46.947055],[7.3749472,46.9470587],[7.3758403,46.9471834],[7.3759758,46.9472017],[7.3770177,46.9473427],[7.3770307,46.9473448]]]}},{"type":"Feature","id":8688199,"properties":{"name":"Europaplatz","wikidata":null,"gender":"-","source":"wikidata","details":{"wikidata":"Q8908","person":false,"gender":null,"labels":{"en":{"language":"en","value":"Council of Europe"},"de":{"language":"de","value":"Europarat"}},"descriptions":{"en":{"language":"en","value":"International organisation founded in 1949"},"de":{"language":"de","value":"europ\u00e4ische internationale Organisation, gegr\u00fcndet 1949"}},"nicknames":[],"birth":null,"death":null,"sitelinks":{"enwiki":{"site":"enwiki","title":"Council of Europe","badges":[],"url":"https:\/\/en.wikipedia.org\/wiki\/Council_of_Europe"},"dewiki":{"site":"dewiki","title":"Europarat","badges":[],"url":"https:\/\/de.wikipedia.org\/wiki\/Europarat"}},"image":"Council of Europe Palais de l'Europe aerial view.JPG"}},"geometry":{"type":"MultiLineString","coordinates":[[[7.4072792,46.9434837],[7.4072409,46.94348],[7.407196,46.9434781],[7.4069979,46.9434807],[7.4069501,46.9434777],[7.4068478,46.9434556],[7.4068143,46.9434472],[7.4062846,46.943311],[7.4062885,46.9433513],[7.4062888,46.9434032]],[[7.4062888,46.9434032],[7.4063258,46.9434026],[7.406354,46.9434011]],[[7.406354,46.9434011],[7.40638,46.9434096],[7.4064055,46.9434202],[7.4064322,46.9434316],[7.4064564,46.9434438],[7.406484,46.9434577],[7.4065063,46.9434689],[7.406533,46.9434824],[7.4065647,46.9434983],[7.4065967,46.9435144],[7.4066228,46.9435276],[7.4066547,46.9435436],[7.4066827,46.9435577],[7.4067094,46.9435711]],[[7.4067094,46.9435711],[7.4066598,46.9435636],[7.4066088,46.9435558],[7.406563,46.9435488],[7.406534,46.9435443],[7.4065011,46.9435393],[7.4064688,46.9435344],[7.40644,46.94353],[7.40641,46.9435254],[7.4063843,46.9435215]],[[7.4063843,46.9435215],[7.4063449,46.9434911],[7.4062935,46.9434917]],[[7.4062935,46.9434917],[7.4063009,46.9436568],[7.4063087,46.9438477],[7.4062143,46.9439649],[7.4061739,46.9440057],[7.4062621,46.9440792],[7.4063385,46.9441269],[7.4064083,46.9441653],[7.4065477,46.944052],[7.4067511,46.9440496],[7.4068822,46.9440602],[7.4069227,46.9440616]],[[7.4069227,46.9440616],[7.4072124,46.9435898],[7.4072685,46.9434984],[7.4072792,46.9434837]]]}},{"type":"Feature","id":14254469,"properties":{"name":"Guyerplatz","wikidata":null,"gender":"F","source":"wikidata","details":{"wikidata":"Q118435","person":true,"gender":"F","labels":{"en":{"language":"en","value":"Lux Guyer"},"de":{"language":"de","value":"Lux Guyer"}},"descriptions":{"en":{"language":"en","value":"Swiss architect (1894-1955)"},"de":{"language":"de","value":"Schweizer Architektin"}},"nicknames":[],"birth":1894,"death":1955,"sitelinks":{"enwiki":{"site":"enwiki","title":"Lux Guyer","badges":[],"url":"https:\/\/en.wikipedia.org\/wiki\/Lux_Guyer"},"dewiki":{"site":"dewiki","title":"Lux Guyer","badges":[],"url":"https:\/\/de.wikipedia.org\/wiki\/Lux_Guyer"}},"image":"Lux Guyer (1894 1955) detail.jpg"}},"geometry":{"type":"MultiLineString","coordinates":[[[7.4671927,46.9513395],[7.4671202,46.9513935],[7.4671093,46.9514016],[7.4670961,46.9514112],[7.467178,46.9514591],[7.467262,46.951473],[7.467348,46.9515022],[7.4674169,46.9515295],[7.4674304,46.9515325],[7.4674438,46.9515356],[7.4675527,46.9515564],[7.4677422,46.9516217],[7.4679527,46.9516681],[7.4680789,46.9517178],[7.4682795,46.9517751],[7.4684168,46.9518262],[7.4684346,46.9518333],[7.468453,46.951833],[7.4684698,46.9518278],[7.4684823,46.9518186],[7.4684887,46.9518061],[7.468487,46.9517929],[7.4684776,46.9517813],[7.4684656,46.9517759],[7.4684535,46.9517704],[7.4681801,46.9516511],[7.468019,46.9515891],[7.4678043,46.9514755],[7.4675802,46.9513872],[7.4674683,46.9513192],[7.4672667,46.951239],[7.4672406,46.9512251],[7.4672328,46.9512436],[7.4672256,46.951261],[7.4671927,46.9513395]]]}},{"type":"Feature","id":15461237,"properties":{"name":"Eigerplatz","wikidata":null,"gender":null,"source":null,"details":null},"geometry":{"type":"MultiLineString","coordinates":[[[7.431105,46.9405987],[7.4311026,46.9405921],[7.4311017,46.9405855],[7.4311019,46.9405752],[7.4311026,46.9405603],[7.4311071,46.9405492],[7.4311128,46.9405373],[7.4311202,46.9405254]],[[7.4312004,46.9406628],[7.4311825,46.9406586],[7.4311672,46.9406533],[7.4311555,46.9406474],[7.4311445,46.9406418],[7.4311322,46.9406334],[7.4311234,46.9406261],[7.4311147,46.940616],[7.4311093,46.9406072],[7.431105,46.9405987]]]}},{"type":"Feature","id":16833930,"properties":{"name":"Aarbergergasse","wikidata":"Q301057","gender":null,"source":null,"details":null},"geometry":null},{"type":"Feature","id":17904698,"properties":{"name":"Aberlistrasse","wikidata":"Q128403377","gender":null,"source":null,"details":null},"geometry":{"type":"MultiLineString","coordinates":[[[7.477929,46.9453537],[7.4778612,46.9453475],[7.4778083,46.9453427],[7.4773686,46.9453069],[7.4773059,46.9453031],[7.4771111,46.9452911],[7.4768779,46.9452814],[7.4766738,46.9452746],[7.4764456,46.9452671]],[[7.479438,46.9455756],[7.4793789,46.9455653],[7.479092,46.9455145],[7.4787582,46.9454607],[7.4786321,46.9454413],[7.4785049,46.9454242],[7.4783491,46.945404],[7.4782902,46.9453967],[7.4780777,46.9453705],[7.4779994,46.9453613],[7.477929,46.9453537]]]}},{"type":"Feature","id":17908429,"properties":{"name":"Mottastrasse","wikidata":"Q128537471","gender":"M","source":"wikidata","details":{"wikidata":"Q559892","person":true,"gender":"M","labels":{"en":{"language":"en","value":"Giuseppe Motta"},"de":{"language":"de","value":"Giuseppe Motta"}},"descriptions":{"en":{"language":"en","value":"member of the Swiss Federal Council (1871-1940)"},"de":{"language":"de","value":"Schweizer Politiker und jahrzehntelanger Bundesrat"}},"nicknames":[],"birth":1871,"death":1940,"sitelinks":{"enwiki":{"site":"enwiki","title":"Giuseppe Motta","badges":[],"url":"https:\/\/en.wikipedia.org\/wiki\/Giuseppe_Motta"},"dewiki":{"site":"dewiki","title":"Giuseppe Motta","badges":[],"url":"https:\/\/de.wikipedia.org\/wiki\/Giuseppe_Motta"}},"image":"Giuseppe Motta.gif"}},"geometry":{"type":"MultiLineString","coordinates":[[[7.4516137,46.9429921],[7.451606,46.9429809],[7.4515883,46.9429457],[7.4515729,46.9429099],[7.4515698,46.9428938],[7.4515704,46.9428742],[7.4515724,46.942853],[7.4516692,46.9424766]],[[7.4516692,46.9424766],[7.4517046,46.9423416],[7.4517572,46.9421414],[7.4517652,46.9421114],[7.4518278,46.9418694],[7.451974,46.9413041],[7.4519851,46.9412635]],[[7.4519851,46.9412635],[7.4519932,46.9412305],[7.4520795,46.9409026],[7.4522315,46.9403252],[7.4522463,46.9402707],[7.4522611,46.9402163]],[[7.4522611,46.9402163],[7.4522775,46.9401553],[7.4522913,46.9401038],[7.4523538,46.9398469],[7.4524229,46.9396067],[7.4524346,46.9395855],[7.4524482,46.9395669],[7.4524965,46.9395265]]]}},{"type":"Feature","id":21439154,"properties":{"name":"M\u00fcnsterplatz","wikidata":"Q6950566","gender":null,"source":null,"details":null},"geometry":{"type":"MultiLineString","coordinates":[[[7.4510191,46.9473694],[7.4510305,46.9473625],[7.4510378,46.9472916],[7.4510357,46.9472915],[7.4510177,46.9472773],[7.4510324,46.9472687],[7.451043,46.9471773],[7.4510305,46.947167],[7.4510517,46.9471549],[7.4510544,46.947155],[7.4510632,46.9470843],[7.4510533,46.9470762],[7.4510716,46.9470655],[7.4510766,46.9470694],[7.4510797,46.9470475],[7.4510828,46.9470217],[7.4510108,46.9470128],[7.4510112,46.9470109],[7.4509089,46.9469981],[7.4509084,46.9469999],[7.4507763,46.9469838],[7.4507767,46.9469817],[7.4506747,46.9469695],[7.4506742,46.9469714],[7.4505877,46.9469608],[7.4505867,46.9470245],[7.4505855,46.9470679],[7.4505844,46.9471208],[7.4505887,46.9471208],[7.4505867,46.947202],[7.4505823,46.947202],[7.4505814,46.9472549],[7.4505039,46.9472539],[7.4504929,46.9473648],[7.4504895,46.9474102],[7.4504881,46.9474286],[7.4505363,46.9474295],[7.4505823,46.9474304],[7.4505902,46.9474299],[7.4505977,46.9474292],[7.4507345,46.9474088],[7.4507694,46.9474043],[7.4508386,46.947397],[7.4509319,46.9473925],[7.4510067,46.9473924],[7.4510338,46.9473934],[7.4510348,46.9473815],[7.4510191,46.9473694]]]}}]}